marker_id,chr,pos
1,1,0.23412002
2,1,0.40996036
3,1,0.41400639
4,1,0.41809761
5,1,0.43550719
6,1,0.43989254
7,1,0.49624921
8,1,0.50092572
9,1,0.50556305
10,1,0.51017661
11,1,0.51479039
12,1,0.5193125
13,1,0.57605168
14,1,0.58094938
15,1,0.58584806
16,1,0.59073281
17,1,0.5956169
18,1,0.74056556
19,1,0.7439518
20,1,1.01067202
21,1,1.01554805
22,1,1.02045066
23,1,1.0253546
24,1,1.0302586
25,1,1.03516371
26,1,1.06163505
27,1,1.06716671
28,1,1.10689903
29,1,1.11293943
30,1,1.14906401
31,1,1.15504938
32,1,1.32811827
33,1,1.33333915
34,1,1.41826088
35,1,1.42431688
36,1,1.43037285
37,1,1.46257119
38,1,1.46778836
39,1,1.48365822
40,1,1.48895731
41,1,1.51626695
42,1,1.52170729
43,1,1.6013971
44,1,1.60701822
45,1,1.61813172
46,1,1.624138
47,1,1.63033711
48,1,1.64842332
49,1,1.65435095
50,1,1.69017981
51,1,1.69600257
52,1,1.78921646
53,1,1.79462195
54,1,1.87329658
55,1,1.87838901
56,1,1.88347936
57,1,1.89365936
58,1,1.89834999
59,1,1.90773408
60,1,1.91189053
61,1,1.91605181
62,1,1.92021406
63,1,1.92434561
64,1,1.92886933
65,1,1.94186161
66,1,1.94606406
67,1,2.00667092
68,1,2.01084506
69,1,2.13208935
70,1,2.13477865
71,1,2.2283156
72,1,2.2315087
73,1,2.31268825
74,1,2.31527675
75,1,2.47637442
76,1,2.48065806
77,1,2.50165601
78,1,2.50593403
79,1,2.51875053
80,1,2.52296678
81,1,2.5893043
82,1,2.5939513
83,1,2.59859703
84,1,2.60309744
85,1,2.60760239
86,1,2.616826
87,1,2.62144687
88,1,2.64011812
89,1,2.64495088
90,1,2.81343297
91,1,2.81844047
92,1,2.82345446
93,1,2.87774005
94,1,2.88159943
95,1,3.14129091
96,1,3.14717185
97,1,3.2951036
98,1,3.30099358
99,1,3.31271327
100,1,3.31853993
101,1,3.39733401
102,1,3.40254634
103,1,3.40774297
104,1,3.41294068
105,1,3.41813837
106,1,3.42333654
107,1,3.42853796
108,1,3.4337376
109,1,3.43865338
110,1,3.4435663
111,1,3.4484624
112,1,3.45311073
113,1,3.46241342
114,1,3.46706501
115,1,3.47255686
116,1,3.48354981
117,1,3.48904435
118,1,3.51103589
119,1,3.51653285
120,1,3.94266575
121,1,3.95332963
122,1,4.14254193
123,1,4.15727004
124,1,4.25383217
125,1,4.2711536
126,1,4.32313211
127,1,4.34050643
128,1,4.40999337
129,1,4.42677375
130,1,4.51066803
131,1,4.52744325
132,1,4.54460167
133,1,4.56235795
134,1,4.72038136
135,1,4.73802341
136,1,4.8471209
137,1,4.86672187
138,1,5.04298559
139,1,5.06249911
140,1,5.07991521
141,1,5.0972954
142,1,5.11503194
143,1,5.24184323
144,1,5.26051946
145,1,5.64129342
146,1,5.65768598
147,1,5.74170841
148,1,5.76283609
149,1,6.03762541
150,1,6.07860559
151,1,6.463695
152,1,6.50753459
153,1,60.40452251
154,1,60.46344645
155,1,63.79772445
156,1,63.86592161
157,1,66.35196696
158,1,66.39974369
159,1,67.27433947
160,1,67.30067883
161,1,67.32664213
162,1,67.35261461
163,1,68.74490498
164,1,68.75675027
165,1,68.79215447
166,1,68.8038757
167,1,68.83935651
168,1,68.85133986
169,1,69.45973291
170,1,69.46897328
171,1,69.60832953
172,1,69.61828295
173,1,69.62824139
174,1,69.63837309
175,1,69.67881084
176,1,69.68835136
177,1,69.6978898
178,1,69.71612872
179,1,69.7253414
180,1,69.92447109
181,1,69.9350938
182,1,70.0864597
183,1,70.09731708
184,1,70.12905407
185,1,70.13909571
186,1,70.14916259
187,1,70.44278518
188,1,70.450636
189,1,70.47459617
190,1,70.48267729
191,1,70.59244305
192,1,70.599984
193,1,70.72203408
194,1,70.72836005
195,1,70.77332049
196,1,70.77982058
197,1,70.81288171
198,1,70.81814178
199,1,70.82332902
200,1,70.92101533
201,1,70.92603487
202,1,71.1296171
203,1,71.13365875
204,1,71.22101537
205,1,71.22550656
206,1,71.23479048
207,1,71.2395826
208,1,71.24437809
209,1,71.25468004
210,1,71.2600046
211,1,71.26534887
212,1,71.27069619
213,1,71.28132071
214,1,71.2866251
215,1,71.31275361
216,1,71.31787814
217,1,71.32848157
218,1,71.33378194
219,1,71.69917812
220,1,71.70774119
221,1,71.74198955
222,1,71.75057176
223,1,71.75914913
224,1,71.78504969
225,1,71.79376425
226,1,71.88030384
227,1,71.88901599
228,1,71.9385246
229,1,71.946318
230,1,71.95411143
231,1,71.98492307
232,1,71.99240278
233,1,72.15769421
234,1,72.16470952
235,1,72.41496957
236,1,72.41965244
237,1,72.93027952
238,1,72.93694145
239,1,73.02000344
240,1,73.02575783
241,1,73.06059744
242,1,73.06682158
243,1,73.35031751
244,1,73.35578453
245,1,73.48347614
246,1,73.49000981
247,1,73.65841585
248,1,73.66487227
249,1,73.68288686
250,1,73.68868177
251,1,73.78283772
252,1,73.78849621
253,1,73.7997768
254,1,73.80542187
255,1,73.85676207
256,1,73.86156648
257,1,73.97471803
258,1,73.97896455
259,1,74.13182483
260,1,74.13616521
261,1,74.20414495
262,1,74.20821754
263,1,74.26756753
264,1,74.27167619
265,1,74.39626778
266,1,74.40084843
267,1,74.45069669
268,1,74.45512587
269,1,74.702842
270,1,74.70568557
271,1,74.7833442
272,1,74.78681191
273,1,74.80418302
274,1,74.80765841
275,1,74.85457806
276,1,74.85861301
277,1,74.92463273
278,1,74.92879173
279,1,74.932956
280,1,74.93712061
281,1,75.07371262
282,1,75.07922448
283,1,75.15653569
284,1,75.16375598
285,1,75.17098258
286,1,75.17832928
287,1,75.33626001
288,1,75.34301106
289,1,75.56072387
290,1,75.56676305
291,1,76.24565879
292,1,76.25238519
293,1,76.29877191
294,1,76.30532972
295,1,76.31188929
296,1,76.31845765
297,1,76.32595635
298,1,76.33352769
299,1,76.34109937
300,1,76.37181065
301,1,76.37959896
302,1,76.38738661
303,1,76.64580127
304,1,76.65489143
305,1,76.73138491
306,1,76.74017469
307,1,76.74899807
308,1,76.7578482
309,1,76.85856447
310,1,76.86645829
311,1,76.97427346
312,1,76.98202487
313,1,77.27336243
314,1,77.2802366
315,1,77.60028303
316,1,77.60701662
317,1,78.21757807
318,1,78.22326714
319,1,78.31155409
320,1,78.31668878
321,1,78.54700512
322,1,78.55222248
323,1,78.62698247
324,1,78.63064683
325,1,78.82196081
326,1,78.82523118
327,1,78.95114651
328,1,78.95442977
329,1,79.31426871
330,1,79.31857257
331,1,79.46698578
332,1,79.47139674
333,1,79.62077616
334,1,79.62478987
335,1,79.69238344
336,1,79.69682205
337,1,79.77782826
338,1,79.78186955
339,1,79.8026764
340,1,79.807266
341,1,79.81191565
342,1,79.8165643
343,1,80.01117326
344,1,80.01512808
345,1,80.08291248
346,1,80.08664177
347,1,80.10915581
348,1,80.11366632
349,1,80.11827863
350,1,80.12288938
351,1,80.43404913
352,1,80.4389772
353,1,80.48769857
354,1,80.4925001
355,1,80.70462937
356,1,80.7079052
357,1,80.72188438
358,1,80.72451235
359,1,80.89197464
360,1,80.89512141
361,1,80.89826796
362,1,80.9014654
363,1,80.99856315
364,1,81.00262244
365,1,81.19171147
366,1,81.19662793
367,1,81.23135338
368,1,81.23590443
369,1,81.60944281
370,1,81.61241885
371,1,81.61539479
372,1,81.61837546
373,1,81.86781673
374,1,81.87196042
375,1,81.9467857
376,1,81.95107709
377,1,81.98979651
378,1,81.99417387
379,1,82.43480287
380,1,82.43879931
381,1,82.97090941
382,1,82.97512193
383,1,83.06368759
384,1,83.06818787
385,1,83.38807021
386,1,83.3928755
387,1,83.3976778
388,1,83.4024686
389,1,83.40726979
390,1,83.4123012
391,1,83.42235003
392,1,83.42737091
393,1,83.48919117
394,1,83.4946754
395,1,83.63660111
396,1,83.64172248
397,1,83.65645876
398,1,83.66142119
399,1,83.671586
400,1,83.67701374
401,1,83.73972964
402,1,83.74436039
403,1,83.81165846
404,1,83.81609634
405,1,84.33980316
406,1,84.34513233
407,1,84.39263857
408,1,84.39713102
409,1,84.61398306
410,1,84.61747864
411,1,84.86165511
412,1,84.86742537
413,1,85.25135934
414,1,85.25621264
415,1,85.55960031
416,1,85.564038
417,1,85.61396418
418,1,85.61874721
419,1,85.65815837
420,1,85.66313148
421,1,85.84190649
422,1,85.84743118
423,1,86.01246847
424,1,86.01846873
425,1,86.08251567
426,1,86.08798729
427,1,86.09899048
428,1,86.10491376
429,1,86.12313209
430,1,86.12910625
431,1,86.55037628
432,1,86.55392179
433,1,86.74222981
434,1,86.74712001
435,1,86.80490681
436,1,86.81050398
437,1,86.82141599
438,1,86.82686899
439,1,86.85411679
440,1,86.85945448
441,1,87.02901281
442,1,87.03427762
443,1,87.05480845
444,1,87.0599519
445,1,87.13880086
446,1,87.14372805
447,1,87.20314229
448,1,87.20788869
449,1,87.23154038
450,1,87.23610023
451,1,87.24970297
452,1,87.25447742
453,1,87.26878362
454,1,87.2735156
455,1,87.3556207
456,1,87.36015698
457,1,87.46386842
458,1,87.46927142
459,1,87.53531057
460,1,87.53979881
461,1,87.56550961
462,1,87.5697339
463,1,87.65733805
464,1,87.662585
465,1,87.66782726
466,1,87.67309225
467,1,88.06980259
468,1,88.07667718
469,1,88.08361484
470,1,88.09055134
471,1,88.09746207
472,1,88.30036977
473,1,88.30725795
474,1,88.55063457
475,1,88.55636458
476,1,88.66905136
477,1,88.67336424
478,1,88.70285843
479,1,88.70683531
480,1,88.99720161
481,1,89.00154196
482,1,89.01907469
483,1,89.02355481
484,1,89.06662014
485,1,89.072636
486,1,89.29277484
487,1,89.29787701
488,1,89.30296493
489,1,89.30802837
490,1,89.33500164
491,1,89.34078481
492,1,89.53519597
493,1,89.5416847
494,1,89.61569367
495,1,89.6209319
496,1,89.62590178
497,1,89.64084874
498,1,89.64591459
499,1,90.00637715
500,1,90.01029193
501,1,90.01416742
502,1,90.33252149
503,1,90.33708386
504,1,90.42961212
505,1,90.4348449
506,1,90.48919441
507,2,5.82030443
508,2,13.36559262
509,2,13.49398811
510,2,16.59664401
511,2,16.71313495
512,2,30.87052559
513,2,30.89622014
514,2,32.05767475
515,2,32.06701009
516,2,32.07634392
517,2,32.085676
518,2,32.09499542
519,2,32.98019068
520,2,32.99167447
521,2,33.00315803
522,2,33.2070776
523,2,33.21944989
524,2,33.23184288
525,2,33.26946672
526,2,33.28217596
527,2,33.30745293
528,2,33.32008998
529,2,33.3584155
530,2,33.37201877
531,2,33.41834714
532,2,33.42913778
533,2,33.50619105
534,2,33.51962402
535,2,33.72205781
536,2,33.73486486
537,2,33.9922666
538,2,34.0039376
539,2,34.09834245
540,2,34.10786051
541,2,34.13642336
542,2,34.14578395
543,2,34.15509137
544,2,34.16499596
545,2,34.1738015
546,2,34.18260854
547,2,34.54833631
548,2,34.55392018
549,2,34.67920497
550,2,34.68467194
551,2,34.76557069
552,2,34.77289091
553,2,34.99791936
554,2,35.00437659
555,2,35.15283938
556,2,35.15880555
557,2,35.17667815
558,2,35.18262926
559,2,35.21310458
560,2,35.21932937
561,2,35.27398288
562,2,35.28052655
563,2,35.41969139
564,2,35.42470083
565,2,35.44472154
566,2,35.44982819
567,2,35.50878108
568,2,35.51376935
569,2,35.53868939
570,2,35.54366712
571,2,35.84950487
572,2,35.85533332
573,2,35.90227535
574,2,35.90808881
575,2,35.92500802
576,2,35.93049233
577,2,36.12932456
578,2,36.13495031
579,2,36.36701404
580,2,36.37301951
581,2,36.59841769
582,2,36.60726164
583,2,36.73426434
584,2,36.74231549
585,2,36.8781979
586,2,36.88573418
587,2,36.94546583
588,2,36.95279013
589,2,37.02428502
590,2,37.03140936
591,2,37.30605733
592,2,37.3109207
593,2,37.40617616
594,2,37.41109852
595,2,37.48518337
596,2,37.48972136
597,2,37.49423581
598,2,37.49875252
599,2,37.51751758
600,2,37.5222506
601,2,37.53705438
602,2,37.54220768
603,2,37.57512879
604,2,37.58074152
605,2,37.90543757
606,2,37.91042326
607,2,37.94063669
608,2,37.94611133
609,2,38.03954137
610,2,38.04500363
611,2,38.20041227
612,2,38.20469585
613,2,38.24723864
614,2,38.25104224
615,2,38.55241997
616,2,38.55694811
617,2,38.85262786
618,2,38.85844952
619,2,38.89053679
620,2,38.89709797
621,2,38.95833847
622,2,38.96420402
623,2,38.9700543
624,2,38.97589995
625,2,38.98186351
626,2,38.98793284
627,2,39.05551568
628,2,39.06176761
629,2,39.10526717
630,2,39.11152548
631,2,39.63187861
632,2,39.63665825
633,2,39.64663656
634,2,39.65170664
635,2,39.73253043
636,2,39.7387952
637,2,40.02760197
638,2,40.03392873
639,2,40.09245984
640,2,40.09886693
641,2,40.10527552
642,2,40.22551177
643,2,40.23149257
644,2,40.58566563
645,2,40.58928813
646,2,40.60801919
647,2,40.61207971
648,2,40.66306883
649,2,40.66770203
650,2,40.83254245
651,2,40.83654852
652,2,41.02532004
653,2,41.02808524
654,2,41.06345166
655,2,41.06645693
656,2,41.0724281
657,2,41.07540831
658,2,41.07849085
659,2,41.0815828
660,2,41.08469309
661,2,41.08916728
662,2,41.09813894
663,2,41.10262837
664,2,41.29611765
665,2,41.30103053
666,2,41.31617146
667,2,41.321375
668,2,41.38219552
669,2,41.38787676
670,2,41.39356066
671,2,41.39924453
672,2,41.40493121
673,2,41.63557567
674,2,41.64112894
675,2,42.06642491
676,2,42.07524
677,2,42.16406555
678,2,42.17313091
679,2,42.61589028
680,2,42.62324059
681,2,42.65285487
682,2,42.66049994
683,2,42.72150077
684,2,42.7291229
685,2,42.86481771
686,2,42.86997193
687,2,42.96537348
688,2,42.97095704
689,2,42.97623683
690,2,43.02130951
691,2,43.02700865
692,2,43.19547916
693,2,43.20110535
694,2,43.20681991
695,2,43.21253448
696,2,43.33437483
697,2,43.34036337
698,2,43.67884188
699,2,43.68218533
700,2,43.68559048
701,2,43.68891068
702,2,43.91008523
703,2,43.91439326
704,2,44.11212383
705,2,44.11709296
706,2,44.22207334
707,2,44.2271904
708,2,44.38360305
709,2,44.38837262
710,2,44.3927929
711,2,44.39725933
712,2,44.4298499
713,2,44.4345725
714,2,44.45816606
715,2,44.46317313
716,2,44.48782516
717,2,44.49261371
718,2,44.56117279
719,2,44.56472312
720,2,44.56828726
721,2,44.59133709
722,2,44.59530845
723,2,44.59932703
724,2,44.60335534
725,2,44.60720869
726,2,44.64102865
727,2,44.64429959
728,2,44.69231461
729,2,44.69549974
730,2,44.76794796
731,2,44.77130415
732,2,44.77472487
733,2,44.77793566
734,2,44.78734026
735,2,44.79056245
736,2,44.79383573
737,2,44.79710868
738,2,44.87802903
739,2,44.88198437
740,2,44.90173815
741,2,44.90585595
742,2,44.93430632
743,2,44.93857082
744,2,44.94696915
745,2,44.95117858
746,2,44.98987796
747,2,44.99418436
748,2,45.00709731
749,2,45.01157438
750,2,45.01739268
751,2,45.0232126
752,2,45.03515461
753,2,45.04119283
754,2,45.08156814
755,2,45.08852489
756,2,45.34254469
757,2,45.34938339
758,2,45.36333662
759,2,45.37044154
760,2,45.37737738
761,2,45.38431393
762,2,45.39196118
763,2,45.76826091
764,2,45.7758022
765,2,45.79759824
766,2,45.80460843
767,2,45.98136661
768,2,45.98761502
769,2,46.06032556
770,2,46.06593676
771,2,46.08853975
772,2,46.09390363
773,2,46.23505406
774,2,46.23996565
775,2,46.29697971
776,2,46.3008226
777,2,46.38319002
778,2,46.38702515
779,2,46.50178841
780,2,46.5060407
781,2,46.76803073
782,2,46.77404808
783,2,46.88080664
784,2,46.88734332
785,2,46.97449368
786,2,46.98077652
787,2,47.1444944
788,2,47.1486311
789,2,47.20947663
790,2,47.21345194
791,2,47.46453206
792,2,47.46850243
793,2,47.5367449
794,2,47.54100787
795,2,47.57890817
796,2,47.58312225
797,2,47.93948523
798,2,47.94282619
799,2,47.97548482
800,2,47.97970236
801,2,48.21637741
802,2,48.22203878
803,2,48.42323435
804,2,48.42918308
805,2,48.45314662
806,2,48.45900669
807,2,48.47070187
808,2,48.47650804
809,2,48.4938529
810,2,48.49960925
811,2,48.50536619
812,2,48.51113222
813,2,48.55532699
814,2,48.56038714
815,2,48.70209931
816,2,48.70487234
817,2,48.91401717
818,2,48.91936424
819,2,48.95017085
820,2,48.95495603
821,2,49.04274343
822,2,49.04757981
823,2,49.06209169
824,2,49.06694045
825,2,49.35609106
826,2,49.36125791
827,2,49.39119943
828,2,49.39609552
829,2,49.5150291
830,2,49.5204823
831,2,49.52603646
832,2,49.72306151
833,2,49.72864517
834,2,49.75649349
835,2,49.76202457
836,2,49.86297111
837,2,49.86844307
838,2,49.96312731
839,2,49.96835326
840,2,50.07028846
841,2,50.07553833
842,2,50.08068516
843,2,50.08583397
844,2,50.09099984
845,2,50.13424077
846,2,50.13908955
847,2,50.14383662
848,2,50.14854305
849,2,50.18050784
850,2,50.18543341
851,2,50.22350314
852,2,50.22813064
853,2,50.62968678
854,2,50.63446525
855,2,50.63915994
856,2,50.68736046
857,2,50.69161224
858,2,50.71894601
859,2,50.72240667
860,2,50.72553266
861,2,50.72871406
862,2,50.73188539
863,2,50.74140618
864,2,50.7445
865,2,50.75488623
866,2,50.75833314
867,2,50.93756889
868,2,50.942274
869,2,51.18142604
870,2,51.18688256
871,2,51.48903315
872,2,51.49298402
873,2,51.50099769
874,2,51.50547797
875,2,51.54353356
876,2,51.5485454
877,2,51.57351886
878,2,51.57858682
879,2,51.58364633
880,2,51.58897617
881,2,51.77553759
882,2,51.78126428
883,2,51.78699506
884,2,51.79270954
885,2,51.80404569
886,2,51.80971996
887,2,51.94383782
888,2,51.94913193
889,2,51.95442272
890,2,51.95971355
891,2,51.9698893
892,2,51.97464968
893,2,51.98417018
894,2,51.98921563
895,2,52.32298004
896,2,52.32892323
897,2,52.49950317
898,2,52.50623738
899,2,52.53995564
900,2,52.5467519
901,2,52.64727461
902,2,52.65268813
903,2,52.66369454
904,2,52.66913759
905,2,52.71420712
906,2,52.71995026
907,2,52.82524811
908,2,52.83015451
909,2,52.83507992
910,2,52.92252323
911,2,52.92708551
912,2,52.93681761
913,2,52.94183578
914,2,52.95141246
915,2,52.95614415
916,2,53.05957643
917,3,0.28500489
918,3,0.40369549
919,3,0.40942966
920,3,0.41500422
921,3,0.56831967
922,3,0.57477527
923,3,0.716368
924,3,0.7219746
925,3,0.73309496
926,3,0.73820399
927,3,0.74330777
928,3,0.76590425
929,3,0.77184355
930,3,0.88375985
931,3,0.8901072
932,3,0.92189158
933,3,0.92828378
934,3,0.95436678
935,3,0.96091964
936,3,1.15600411
937,3,1.16372416
938,3,1.26935206
939,3,1.27757725
940,3,1.28580187
941,3,1.29425475
942,3,1.30270697
943,3,1.31109675
944,3,1.33583786
945,3,1.34403988
946,3,1.35225026
947,3,1.36064697
948,3,1.47043861
949,3,1.47857546
950,3,1.51544495
951,3,1.52297084
952,3,1.5304938
953,3,1.53802041
954,3,1.54554606
955,3,1.60426791
956,3,1.61109057
957,3,1.61785994
958,3,1.62435994
959,3,1.65013047
960,3,1.65661778
961,3,1.66318936
962,3,1.66976463
963,3,1.67631441
964,3,1.71494408
965,3,1.72028376
966,3,1.72571414
967,3,1.74877374
968,3,1.75463885
969,3,1.91805859
970,3,1.92306245
971,3,1.96889394
972,3,1.97287394
973,3,2.05252482
974,3,2.05624539
975,3,2.05995988
976,3,2.06371807
977,3,2.06773986
978,3,2.07176337
979,3,2.07578809
980,3,2.08001115
981,3,2.08422099
982,3,2.08843157
983,3,2.09265348
984,3,2.1450876
985,3,2.14978955
986,3,2.23408762
987,3,2.2397027
988,3,2.35535439
989,3,2.36074415
990,3,2.58536395
991,3,2.59125302
992,3,2.59709936
993,3,2.60268202
994,3,2.70081805
995,3,2.7057336
996,3,2.7108429
997,3,2.71601116
998,3,2.73580291
999,3,2.74109858
1000,3,2.77126753
1001,3,2.77612
1002,3,2.99695876
1003,3,3.0019362
1004,3,3.07222351
1005,3,3.07728909
1006,3,3.08262343
1007,3,3.23541633
1008,3,3.24037621
1009,3,3.26028818
1010,3,3.2654117
1011,3,3.35533975
1012,3,3.36018392
1013,3,3.48859647
1014,3,3.49328511
1015,3,3.53994986
1016,3,3.54465596
1017,3,3.70131389
1018,3,3.70791023
1019,3,3.71456329
1020,3,3.86473833
1021,3,3.87071727
1022,3,3.88292745
1023,3,3.88916502
1024,3,3.98761818
1025,3,3.99428461
1026,3,4.01428168
1027,3,4.02071197
1028,3,4.13483661
1029,3,4.14191031
1030,3,4.14912608
1031,3,4.21384135
1032,3,4.2201333
1033,3,4.24403965
1034,3,4.249614
1035,3,4.31760722
1036,3,4.32338174
1037,3,4.35785881
1038,3,4.36486802
1039,3,4.45427398
1040,3,4.46192922
1041,3,4.46996787
1042,3,4.47798303
1043,3,4.48556841
1044,3,4.4931535
1045,3,4.92256796
1046,3,4.93254746
1047,3,4.95249273
1048,3,4.96255545
1049,3,5.1581702
1050,3,5.16649853
1051,3,5.20753225
1052,3,5.21631272
1053,3,5.22519016
1054,3,5.3596669
1055,3,5.37336938
1056,3,5.75350158
1057,3,5.76920557
1058,3,5.97069502
1059,3,5.98721624
1060,3,6.03679735
1061,3,6.05321445
1062,3,6.54331088
1063,3,6.56235457
1064,3,6.64511813
1065,3,6.66652303
1066,3,6.87234496
1067,3,6.89635766
1068,3,6.92035935
1069,3,6.94433242
1070,3,6.96830562
1071,3,11.31684357
1072,3,11.39106375
1073,3,12.4688699
1074,3,12.5657605
1075,3,12.66206801
1076,3,12.75847412
1077,3,13.14333167
1078,3,13.24219097
1079,3,13.34128049
1080,3,13.43956354
1081,3,13.53571555
1082,3,13.62681331
1083,3,13.71791081
1084,3,14.31358141
1085,3,14.41538484
1086,3,14.80214751
1087,3,14.89778307
1088,3,15.08730103
1089,3,15.18757614
1090,3,15.28789552
1091,3,15.38819882
1092,3,15.50220432
1093,3,45.95241345
1094,3,45.97550451
1095,3,46.50445792
1096,3,46.52140865
1097,3,46.5507245
1098,3,46.56484418
1099,3,46.57896392
1100,3,46.59308423
1101,3,46.93928983
1102,3,46.94737439
1103,3,47.17177373
1104,3,47.17773412
1105,3,47.26628693
1106,3,47.27303439
1107,3,47.32020753
1108,3,47.32656957
1109,3,47.36984609
1110,3,47.37602806
1111,3,47.38227494
1112,3,47.3885268
1113,3,47.44454302
1114,3,47.45117007
1115,3,47.70085386
1116,3,47.70764494
1117,3,47.73629676
1118,3,47.74359013
1119,3,48.01840622
1120,3,48.03169315
1121,3,48.46887344
1122,3,48.48294232
1123,3,49.31019125
1124,3,49.31924739
1125,3,49.43192951
1126,3,49.44066488
1127,3,49.45858833
1128,3,49.46762482
1129,3,49.75817095
1130,3,49.77021801
1131,3,50.10643958
1132,3,50.12233231
1133,3,50.15406677
1134,3,50.1698878
1135,3,50.54339191
1136,3,50.55905376
1137,3,51.1168584
1138,3,51.12888898
1139,3,52.38420438
1140,3,52.40720207
1141,3,53.06891706
1142,3,53.09304919
1143,3,53.49141069
1144,3,53.50797742
1145,3,53.71585872
1146,3,53.72806993
1147,3,53.8247064
1148,3,53.83422566
1149,3,53.91300514
1150,3,53.91813365
1151,3,53.95158473
1152,3,53.95579801
1153,3,54.0293293
1154,3,54.03264755
1155,3,54.04582946
1156,3,54.0490759
1157,3,54.05849597
1158,3,54.06149757
1159,3,54.13047851
1160,3,54.13297034
1161,3,54.21467367
1162,3,54.21769671
1163,3,54.28697042
1164,3,54.29124479
1165,3,54.35697303
1166,3,54.36140212
1167,3,54.45381241
1168,3,54.45892425
1169,3,54.49219989
1170,3,54.49849379
1171,3,54.55001439
1172,3,54.55667864
1173,3,54.66513881
1174,3,54.67149716
1175,3,54.82519744
1176,3,54.83208215
1177,3,54.85933405
1178,3,54.86558206
1179,3,54.93322101
1180,3,54.93964684
1181,3,55.06489095
1182,3,55.07180689
1183,3,55.07872335
1184,3,55.09940352
1185,3,55.10649906
1186,3,55.13425182
1187,3,55.14072157
1188,3,55.32085925
1189,3,55.32824269
1190,3,55.34281193
1191,3,55.35030051
1192,3,55.35779118
1193,3,55.36527764
1194,3,55.48030888
1195,3,55.4872957
1196,3,55.55545997
1197,3,55.56201797
1198,3,55.64897825
1199,3,55.65517705
1200,3,55.77334582
1201,3,55.77945666
1202,3,55.92025907
1203,3,55.92549049
1204,3,55.96074176
1205,3,55.96561724
1206,3,55.98492258
1207,3,55.9897403
1208,3,56.04204367
1209,3,56.04661199
1210,3,56.10835531
1211,3,56.11271738
1212,3,56.14343359
1213,3,56.14794452
1214,3,56.22396172
1215,3,56.22738062
1216,3,56.31653168
1217,3,56.32121503
1218,3,56.38770502
1219,3,56.39234985
1220,3,56.57063201
1221,3,56.57570857
1222,3,56.7980726
1223,3,56.8031002
1224,3,56.83971634
1225,3,56.84479967
1226,3,56.84965122
1227,3,56.85450546
1228,3,56.88365763
1229,3,56.88863979
1230,3,57.17305169
1231,3,57.17850168
1232,3,57.67162451
1233,3,57.67809894
1234,3,57.68454244
1235,3,57.71031565
1236,3,57.71689701
1237,3,57.79272154
1238,3,57.79906907
1239,3,57.84278198
1240,3,57.84907761
1241,3,58.06366798
1242,3,58.06900698
1243,3,58.09039213
1244,3,58.09554335
1245,3,58.10069477
1246,3,58.19021385
1247,3,58.19564057
1248,3,58.20107035
1249,3,58.20663763
1250,3,58.2122169
1251,3,58.21781257
1252,3,58.2401684
1253,3,58.24590743
1254,3,58.37872622
1255,3,58.3838785
1256,3,58.40929938
1257,3,58.41423379
1258,3,58.70559293
1259,3,58.71060008
1260,3,58.788091
1261,3,58.79249086
1262,3,59.07127524
1263,3,59.07709648
1264,3,59.12016931
1265,3,59.12659973
1266,3,60.20414935
1267,3,60.22553132
1268,3,60.26834097
1269,3,60.28974333
1270,3,60.31115696
1271,3,60.33269316
1272,3,60.35422513
1273,3,60.37598106
1274,3,60.42111412
1275,3,60.44367058
1276,3,60.62398451
1277,3,60.64663674
1278,3,61.26607307
1279,3,61.28925227
1280,3,61.38234943
1281,3,61.40573868
1282,3,61.47627304
1283,3,61.49083582
1284,3,61.50721957
1285,3,61.51465078
1286,3,61.52198143
1287,3,61.52931086
1288,3,61.54355587
1289,3,61.55046996
1290,3,61.56429501
1291,3,61.57120603
1292,3,61.57811679
1293,3,61.5850893
1294,3,61.77486876
1295,3,61.7795374
1296,3,61.79428384
1297,3,61.79922076
1298,3,61.88804319
1299,3,61.8904579
1300,3,61.92223573
1301,3,61.92497226
1302,3,62.02045521
1303,3,62.02314678
1304,3,62.07467298
1305,3,62.07753149
1306,3,62.2814979
1307,3,62.2852928
1308,3,62.43365746
1309,3,62.4389942
1310,3,62.550754
1311,3,62.55651098
1312,3,62.59957709
1313,3,62.60576591
1314,3,62.61187683
1315,3,62.6364748
1316,3,62.64241545
1317,3,62.65414011
1318,3,62.66003646
1319,3,62.67728965
1320,3,62.68322776
1321,3,62.76023721
1322,3,62.7660912
1323,3,62.77779905
1324,3,62.78363802
1325,3,62.78947025
1326,3,62.79530965
1327,3,62.93829574
1328,3,62.94405812
1329,3,62.97874539
1330,3,62.98454342
1331,3,63.21339437
1332,3,63.2182831
1333,3,63.5381856
1334,3,63.5422783
1335,3,64.23966711
1336,3,64.24415572
1337,3,64.26254241
1338,3,64.26735991
1339,3,64.43413921
1340,3,64.4395225
1341,3,64.44489348
1342,3,64.50748606
1343,3,64.51247926
1344,3,64.58654018
1345,3,64.59133595
1346,3,64.60094668
1347,3,64.60575122
1348,3,64.76785811
1349,3,64.77252766
1350,3,64.85631605
1351,3,64.86042355
1352,3,64.92954653
1353,4,0.2816259
1354,4,0.34354298
1355,4,0.34612646
1356,4,0.36376134
1357,4,0.36936991
1358,4,0.43375744
1359,4,0.44013972
1360,4,0.48998972
1361,4,0.496128
1362,4,0.50839628
1363,4,0.51453698
1364,4,0.64957906
1365,4,0.65647117
1366,4,0.66337502
1367,4,0.67028527
1368,4,0.6771958
1369,4,0.68401576
1370,4,0.69085123
1371,4,0.69768457
1372,4,0.77687147
1373,4,0.7830023
1374,4,0.90950125
1375,4,0.91623165
1376,4,1.12903978
1377,4,1.13271499
1378,4,1.15259374
1379,4,1.15595
1380,4,1.38989826
1381,4,1.39343136
1382,4,1.46021211
1383,4,1.46432734
1384,4,1.49107474
1385,4,1.4956845
1386,4,1.50482285
1387,4,1.50938569
1388,4,1.5140023
1389,4,1.51861941
1390,4,1.58668063
1391,4,1.59353274
1392,4,1.60728589
1393,4,1.61416023
1394,4,1.69567128
1395,4,1.70181645
1396,4,1.85774276
1397,4,1.86405916
1398,4,1.87038121
1399,4,1.87661661
1400,4,1.89539961
1401,4,1.90166184
1402,4,1.90792437
1403,4,2.00806231
1404,4,2.01405069
1405,4,2.06152094
1406,4,2.06731654
1407,4,2.07314793
1408,4,2.07895826
1409,4,2.3409882
1410,4,2.34545345
1411,4,2.44375957
1412,4,2.44770398
1413,4,2.46413477
1414,4,2.46837495
1415,4,2.47272667
1416,4,2.49007317
1417,4,2.49441214
1418,4,2.4988518
1419,4,2.52152622
1420,4,2.52606413
1421,4,2.5306021
1422,4,2.53971851
1423,4,2.54429727
1424,4,2.574753
1425,4,2.57889319
1426,4,2.70028318
1427,4,2.70418367
1428,4,2.71164047
1429,4,2.71528918
1430,4,2.75812049
1431,4,2.76075806
1432,4,2.7686761
1433,4,2.77132713
1434,4,2.77398193
1435,4,2.77668797
1436,4,2.77940189
1437,4,2.78224108
1438,4,2.89276835
1439,4,2.89638634
1440,4,3.15060113
1441,4,3.15487411
1442,4,3.15916976
1443,4,3.16346268
1444,4,3.16777317
1445,4,3.18070718
1446,4,3.18486325
1447,4,3.19337707
1448,4,3.19761403
1449,4,3.23609005
1450,4,3.24021325
1451,4,3.64186342
1452,4,3.64784756
1453,4,3.71784109
1454,4,3.72322786
1455,4,3.7289095
1456,4,3.84038541
1457,4,3.84620194
1458,4,4.00148494
1459,4,4.00658528
1460,4,4.10798003
1461,4,4.11521378
1462,4,4.12305799
1463,4,4.29583315
1464,4,4.30486579
1465,4,4.37588362
1466,4,4.3849428
1467,4,4.4700585
1468,4,4.47948061
1469,4,4.55463568
1470,4,4.56394094
1471,4,4.5732458
1472,4,4.62744655
1473,4,4.63672531
1474,4,4.66474227
1475,4,4.67420801
1476,4,4.77136607
1477,4,4.78083997
1478,4,4.79031507
1479,4,5.1373105
1480,4,5.14284472
1481,4,5.1483718
1482,4,5.37187021
1483,4,5.37789891
1484,4,5.38991767
1485,4,5.39592011
1486,4,5.53824062
1487,4,5.54755154
1488,4,5.55687027
1489,4,5.60239323
1490,4,5.6145859
1491,4,5.73969014
1492,4,5.75226013
1493,4,5.91695202
1494,4,5.93359057
1495,4,5.96689362
1496,4,5.9835518
1497,4,6.03437208
1498,4,6.05142635
1499,4,6.10258472
1500,4,6.12052998
1501,4,6.22872878
1502,4,6.24681516
1503,4,6.26404948
1504,4,6.28125637
1505,4,6.41862186
1506,4,6.43590871
1507,4,6.45321383
1508,4,6.47060294
1509,4,6.73439241
1510,4,6.75133938
1511,4,7.40501782
1512,4,7.40906274
1513,4,51.19419929
1514,4,51.21540285
1515,4,51.40885112
1516,4,51.43060048
1517,4,51.45235167
1518,4,51.47410981
1519,4,51.60430536
1520,4,51.62600481
1521,4,52.15372408
1522,4,52.16852996
1523,4,52.41339457
1524,4,52.42195678
1525,4,52.95091385
1526,4,52.95981748
1527,4,53.03898811
1528,4,53.04731821
1529,4,53.13105917
1530,4,53.14150309
1531,4,53.63308412
1532,4,53.6486859
1533,4,53.87555213
1534,4,53.88594601
1535,4,53.94554895
1536,4,53.95511361
1537,4,53.96467708
1538,4,54.0317182
1539,4,54.04159246
1540,4,54.05146979
1541,4,54.06134957
1542,4,54.09197636
1543,4,54.1022818
1544,4,54.1125896
1545,4,54.4950331
1546,4,54.49912369
1547,4,54.68619356
1548,4,54.69263667
1549,4,54.69908124
1550,4,54.74318127
1551,4,54.74912745
1552,4,54.76092139
1553,4,54.76680327
1554,4,54.82742813
1555,4,54.8335565
1556,4,54.98968545
1557,4,54.99628411
1558,4,55.13357628
1559,4,55.13891157
1560,4,55.19079624
1561,4,55.19867014
1562,4,55.20654322
1563,4,55.24490092
1564,4,55.25234196
1565,4,55.27430009
1566,4,55.28150703
1567,4,55.28885568
1568,4,55.32399994
1569,4,55.33085975
1570,4,55.39278927
1571,4,55.40065799
1572,4,55.54311413
1573,4,55.55218287
1574,4,55.57920761
1575,4,55.58806979
1576,4,55.91035401
1577,4,55.92153706
1578,4,55.98910431
1579,4,56.00066131
1580,4,56.0464381
1581,4,56.05800519
1582,4,56.15083889
1583,4,56.16059939
1584,4,56.249099
1585,4,56.25901371
1586,4,56.26892927
1587,4,56.27913747
1588,4,56.43706658
1589,4,56.44602472
1590,4,56.45500528
1591,4,56.56476212
1592,4,56.57399295
1593,4,56.73544083
1594,4,56.74397899
1595,4,57.08849991
1596,4,57.09451455
1597,4,57.26166744
1598,4,57.26545279
1599,4,57.27220406
1600,4,57.27552551
1601,4,57.45028168
1602,4,57.45599929
1603,4,57.59802676
1604,4,57.60289638
1605,4,57.60764837
1606,4,57.6123951
1607,4,57.68898024
1608,4,57.69547124
1609,4,57.93735119
1610,4,57.94616242
1611,4,57.96357436
1612,4,57.97226363
1613,4,58.08515
1614,4,58.09232468
1615,4,58.24121295
1616,4,58.24873756
1617,4,58.27838054
1618,4,58.28588797
1619,4,58.30130389
1620,4,58.30939542
1621,4,58.31751757
1622,4,58.61744046
1623,4,58.62525102
1624,4,58.70549775
1625,4,58.71264813
1626,4,58.71980368
1627,4,58.7338829
1628,4,58.74104148
1629,4,58.79193038
1630,4,58.7993405
1631,4,58.85958999
1632,4,58.86716383
1633,4,58.91951414
1634,4,58.92706065
1635,4,58.96498484
1636,4,58.97246563
1637,4,58.99454089
1638,4,59.00189709
1639,4,59.01658388
1640,4,59.02403155
1641,4,59.12106559
1642,4,59.12738467
1643,4,59.17108756
1644,4,59.17727252
1645,4,59.59987475
1646,4,59.60604528
1647,4,59.68473902
1648,4,59.69026216
1649,4,59.97003815
1650,4,59.97560127
1651,4,59.9868562
1652,4,59.99238572
1653,4,60.03282973
1654,4,60.03930334
1655,4,60.06531679
1656,4,60.07185575
1657,4,60.07839455
1658,4,60.08493519
1659,4,60.09145876
1660,4,60.09798131
1661,4,60.10453342
1662,4,60.11123568
1663,4,60.13111225
1664,4,60.13786361
1665,4,60.1926593
1666,4,60.1994878
1667,4,60.20629292
1668,4,60.2129784
1669,4,60.21966268
1670,4,60.22638351
1671,4,60.30650598
1672,4,60.31350902
1673,4,60.5232073
1674,4,60.52950735
1675,4,60.53580908
1676,4,60.54211182
1677,4,60.54846898
1678,4,60.5545888
1679,4,60.62418517
1680,4,60.62837989
1681,4,60.63259806
1682,4,60.65190888
1683,4,60.65518257
1684,4,60.71023027
1685,4,60.71267872
1686,4,60.86852892
1687,4,60.87121905
1688,4,61.12015319
1689,4,61.12581832
1690,4,61.13148625
1691,4,61.13700706
1692,4,61.14811332
1693,4,61.1536885
1694,4,61.18746538
1695,4,61.19316646
1696,4,61.26791101
1697,4,61.27397479
1698,4,61.28003857
1699,4,61.28610925
1700,4,61.29218088
1701,4,61.38737657
1702,4,61.39318928
1703,4,61.39901692
1704,4,61.40468703
1705,4,61.54135791
1706,4,61.54649125
1707,4,61.6090084
1708,4,61.61282988
1709,4,61.62712712
1710,4,61.63043743
1711,4,61.6372535
1712,4,61.64120909
1713,4,61.74156514
1714,4,61.74582975
1715,4,62.45724343
1716,4,62.46098716
1717,4,62.615302
1718,4,62.61925399
1719,4,62.62322198
1720,4,62.64890381
1721,4,62.65313886
1722,4,62.66655621
1723,4,62.67113814
1724,4,62.75333318
1725,4,62.75874291
1726,4,62.81449451
1727,4,62.82013551
1728,4,62.82581689
1729,4,62.84356516
1730,4,62.84934088
1731,4,62.9301707
1732,4,62.93533664
1733,4,63.09174703
1734,4,63.09751949
1735,4,63.24111168
1736,4,63.24517641
1737,4,63.50232072
1738,4,63.50528543
1739,4,63.59521455
1740,4,63.59752602
1741,4,63.81126306
1742,4,63.81529176
1743,4,63.81932089
1744,4,63.86416874
1745,4,63.86843273
1746,4,63.97195887
1747,4,63.97683816
1748,4,64.17886943
1749,5,0.52576718
1750,5,0.69742529
1751,5,0.70287489
1752,5,0.78380045
1753,5,0.7869999
1754,5,0.79971429
1755,5,0.8028073
1756,5,0.85692936
1757,5,0.85966907
1758,5,0.86567155
1759,5,0.86737587
1760,5,0.88715787
1761,5,0.89007175
1762,5,0.99368354
1763,5,0.99686725
1764,5,1.0417975
1765,5,1.04631584
1766,5,1.06077062
1767,5,1.0657311
1768,5,1.07069128
1769,5,1.07587607
1770,5,1.2517865
1771,5,1.25893861
1772,5,1.3019006
1773,5,1.30905232
1774,5,1.31619964
1775,5,1.32270429
1776,5,1.36629613
1777,5,1.37253436
1778,5,1.38491813
1779,5,1.39107613
1780,5,1.42806273
1781,5,1.43441449
1782,5,1.46007651
1783,5,1.46646363
1784,5,1.53303755
1785,5,1.5392397
1786,5,1.54543231
1787,5,1.70179505
1788,5,1.70768103
1789,5,1.73344853
1790,5,1.74027342
1791,5,1.84672753
1792,5,1.85290574
1793,5,1.86520109
1794,5,1.87127729
1795,5,1.95884155
1796,5,1.96471641
1797,5,1.97059238
1798,5,1.99950388
1799,5,2.00514505
1800,5,2.02206688
1801,5,2.02770357
1802,5,2.04442987
1803,5,2.05014298
1804,5,2.0558337
1805,5,2.06149652
1806,5,2.17667326
1807,5,2.18302386
1808,5,2.33769737
1809,5,2.34282693
1810,5,2.47821677
1811,5,2.48316062
1812,5,2.50324203
1813,5,2.50830955
1814,5,2.51353056
1815,5,2.56390636
1816,5,2.56961702
1817,5,2.63660758
1818,5,2.64204248
1819,5,2.74756347
1820,5,2.75205756
1821,5,2.78588207
1822,5,2.78978686
1823,5,2.93876019
1824,5,2.94277269
1825,5,3.03615001
1826,5,3.04093027
1827,5,3.11820174
1828,5,3.12321991
1829,5,3.20155899
1830,5,3.20743414
1831,5,3.21889919
1832,5,3.22459101
1833,5,3.42715664
1834,5,3.43239739
1835,5,3.64728096
1836,5,3.65170209
1837,5,3.66055111
1838,5,3.664968
1839,5,3.72807133
1840,5,3.73240892
1841,5,4.00184377
1842,5,4.00733163
1843,5,4.01820315
1844,5,4.02354913
1845,5,4.04546857
1846,5,4.05107701
1847,5,4.10877821
1848,5,4.11532201
1849,5,4.2984827
1850,5,4.30663746
1851,5,4.34814633
1852,5,4.35642112
1853,5,4.3727561
1854,5,4.38121732
1855,5,4.41656272
1856,5,4.42491187
1857,5,4.46459175
1858,5,4.47247983
1859,5,4.67188371
1860,5,4.68010936
1861,5,4.81513179
1862,5,4.82532894
1863,5,4.99166314
1864,5,5.00062758
1865,5,5.00945494
1866,5,5.01808041
1867,5,5.02667402
1868,5,5.03534283
1869,5,5.04241942
1870,5,5.08441086
1871,5,5.09122272
1872,5,5.09814158
1873,5,5.10500554
1874,5,5.15269863
1875,5,5.15908148
1876,5,5.21076312
1877,5,5.21736208
1878,5,5.48915475
1879,5,5.49467693
1880,5,5.58379356
1881,5,5.58853631
1882,5,5.65020516
1883,5,5.65494383
1884,5,5.71470291
1885,5,5.72005759
1886,5,5.73837438
1887,5,5.74267167
1888,5,5.76405754
1889,5,5.76830586
1890,5,5.77230633
1891,5,5.81433601
1892,5,5.81972775
1893,5,6.15611954
1894,5,6.16290579
1895,5,6.81385462
1896,5,6.82579892
1897,5,6.89075417
1898,5,6.90389799
1899,5,6.94283158
1900,5,6.95532949
1901,5,7.09163726
1902,5,7.10422425
1903,5,7.20843757
1904,5,7.22039677
1905,5,7.40994619
1906,5,7.41875206
1907,5,7.57610175
1908,5,7.58376597
1909,5,10.23735649
1910,5,10.27108496
1911,5,10.67982819
1912,5,10.71436271
1913,5,11.05050039
1914,5,11.08495795
1915,5,11.6918101
1916,5,11.71753504
1917,5,52.82014098
1918,5,52.88196864
1919,5,55.95266278
1920,5,55.99034499
1921,5,58.48243205
1922,5,58.51425846
1923,5,58.57777587
1924,5,58.60957099
1925,5,58.71027474
1926,5,58.74397643
1927,5,59.37281394
1928,5,59.39321136
1929,5,59.79303295
1930,5,59.81152654
1931,5,59.82958338
1932,5,59.9278713
1933,5,59.94187723
1934,5,59.95611442
1935,5,59.9703514
1936,5,60.32931261
1937,5,60.34171443
1938,5,60.40446654
1939,5,60.41765163
1940,5,60.44436175
1941,5,60.45785247
1942,5,60.48470486
1943,5,60.4964656
1944,5,60.70113478
1945,5,60.71132604
1946,5,60.7502542
1947,5,60.76004133
1948,5,60.7698271
1949,5,60.77960783
1950,5,60.78942413
1951,5,60.79945675
1952,5,60.84721232
1953,5,60.85608106
1954,5,61.11339015
1955,5,61.12414918
1956,5,61.15669338
1957,5,61.16768122
1958,5,61.22201132
1959,5,61.23267155
1960,5,61.34513653
1961,5,61.35360235
1962,5,61.38665766
1963,5,61.39433513
1964,5,61.40197072
1965,5,61.40934184
1966,5,61.41671631
1967,5,61.4316384
1968,5,61.43918749
1969,5,61.44686193
1970,5,61.45453666
1971,5,61.46220857
1972,5,61.46986715
1973,5,61.48572417
1974,5,61.49394835
1975,5,61.50224641
1976,5,61.51054575
1977,5,61.51884422
1978,5,61.52710485
1979,5,61.53536346
1980,5,61.82642308
1981,5,61.83109475
1982,5,61.87469444
1983,5,61.87838632
1984,5,62.00009682
1985,5,62.00574891
1986,5,62.14934327
1987,5,62.15603547
1988,5,62.18931954
1989,5,62.19611632
1990,5,62.25890991
1991,5,62.26590367
1992,5,62.27994585
1993,5,62.28699109
1994,5,62.38747958
1995,5,62.39361225
1996,5,62.40587292
1997,5,62.41199426
1998,5,62.43732759
1999,5,62.44368143
2000,5,62.47314687
2001,5,62.47903968
2002,5,62.48493249
2003,5,62.51914355
2004,5,62.52423708
2005,5,62.76030911
2006,5,62.76389659
2007,5,62.76742936
2008,5,62.77096331
2009,5,62.77449708
2010,5,62.81739828
2011,5,62.82102216
2012,5,62.85300276
2013,5,62.85741157
2014,5,62.87086719
2015,5,62.8753864
2016,5,62.94452304
2017,5,62.94951398
2018,5,62.97469066
2019,5,62.97920059
2020,5,62.98380955
2021,5,63.06560518
2022,5,63.06918916
2023,5,63.3337602
2024,5,63.33882957
2025,5,63.3697982
2026,5,63.37489624
2027,5,63.38471784
2028,5,63.38949508
2029,5,63.39902626
2030,5,63.40374199
2031,5,63.49403788
2032,5,63.49903431
2033,5,63.51904152
2034,5,63.52404928
2035,5,63.53427804
2036,5,63.53961799
2037,5,63.63232685
2038,5,63.6373654
2039,5,63.64676562
2040,5,63.65145294
2041,5,63.77527732
2042,5,63.77843863
2043,5,63.78159555
2044,5,63.8702763
2045,5,63.87384279
2046,5,63.91868708
2047,5,63.92234826
2048,5,63.9297324
2049,5,63.93344081
2050,5,63.98494871
2051,5,63.98835389
2052,5,63.99859201
2053,5,64.00199435
2054,5,64.02289878
2055,5,64.02632454
2056,5,64.0296463
2057,5,64.03293119
2058,5,64.03619256
2059,5,64.03940403
2060,5,64.0426168
2061,5,64.0458272
2062,5,64.16156279
2063,5,64.1646268
2064,5,64.20760049
2065,5,64.21007839
2066,5,64.21255605
2067,5,64.21492951
2068,5,64.25193144
2069,5,64.25456505
2070,5,64.26239332
2071,5,64.26500445
2072,5,64.34775854
2073,5,64.34983057
2074,5,64.3648571
2075,5,64.36709696
2076,5,64.36933676
2077,5,64.4051679
2078,5,64.4071189
2079,5,64.45442283
2080,5,64.45732787
2081,5,64.46045923
2082,5,64.46359204
2083,5,64.47669986
2084,5,64.48004216
2085,5,64.58443053
2086,5,64.58798461
2087,5,64.60972211
2088,5,64.61336446
2089,5,64.66869271
2090,5,64.67352732
2091,5,64.75375256
2092,5,64.75846558
2093,5,64.86712677
2094,5,64.87103636
2095,5,64.99542712
2096,6,0.36965459
2097,6,0.43577612
2098,6,0.44331779
2099,6,0.67592016
2100,6,0.68302929
2101,6,1.03361918
2102,6,1.03961245
2103,6,1.05756472
2104,6,1.06354677
2105,6,1.06953367
2106,6,1.07552117
2107,6,1.08155785
2108,6,1.08753464
2109,6,1.09343826
2110,6,1.09932462
2111,6,1.10521056
2112,6,1.11063222
2113,6,1.11636721
2114,6,1.12210223
2115,6,1.21433965
2116,6,1.22056967
2117,6,1.24573542
2118,6,1.25205359
2119,6,1.46378082
2120,6,1.46949127
2121,6,1.49249681
2122,6,1.49895361
2123,6,1.85242456
2124,6,1.85773021
2125,6,1.88213469
2126,6,1.88648581
2127,6,1.98733909
2128,6,1.99053826
2129,6,2.43421854
2130,6,2.44225266
2131,6,2.45029274
2132,6,2.50890763
2133,6,2.51718722
2134,6,3.17285669
2135,6,3.18047335
2136,6,3.24692572
2137,6,3.26148091
2138,6,3.37308088
2139,6,3.39031744
2140,6,28.58358878
2141,6,28.63313584
2142,6,29.2296868
2143,6,29.2559841
2144,6,30.08301279
2145,6,30.10165159
2146,6,30.84226232
2147,6,30.86449786
2148,6,31.37613969
2149,6,31.39470233
2150,6,32.41576195
2151,6,32.42893765
2152,6,32.77098443
2153,6,32.78349116
2154,6,32.82133502
2155,6,32.83401221
2156,6,33.09791195
2157,6,33.1088619
2158,6,33.1999679
2159,6,33.21150026
2160,6,33.22329382
2161,6,33.23509706
2162,6,33.293194
2163,6,33.30479811
2164,6,33.46824095
2165,6,33.47764453
2166,6,33.52386564
2167,6,33.53306337
2168,6,33.80883329
2169,6,33.81751103
2170,6,33.86366482
2171,6,33.87292574
2172,6,33.90092391
2173,6,33.91028047
2174,6,33.91965046
2175,6,33.92880357
2176,6,33.96535477
2177,6,33.97448884
2178,6,33.98395774
2179,6,33.99342209
2180,6,34.01235981
2181,6,34.02181164
2182,6,34.19333023
2183,6,34.20346148
2184,6,34.32838818
2185,6,34.33817561
2186,6,34.52247423
2187,6,34.53135692
2188,6,34.61836632
2189,6,34.62698756
2190,6,34.6352435
2191,6,34.64349811
2192,6,34.65175005
2193,6,34.6598896
2194,6,34.79632512
2195,6,34.80272298
2196,6,34.82188713
2197,6,34.82834197
2198,6,34.83479757
2199,6,34.84134706
2200,6,34.84789282
2201,6,34.85407325
2202,6,34.86050312
2203,6,35.22783988
2204,6,35.23454981
2205,6,35.26138611
2206,6,35.26833565
2207,6,35.28941444
2208,6,35.29689909
2209,6,35.30453627
2210,6,35.32768815
2211,6,35.33549451
2212,6,35.42421122
2213,6,35.4322661
2214,6,35.52992058
2215,6,35.53820972
2216,6,35.60003031
2217,6,35.60931137
2218,6,35.63770435
2219,6,35.64737401
2220,6,35.65706981
2221,6,35.66670585
2222,6,35.69550718
2223,6,35.70511457
2224,6,35.71472183
2225,6,35.72349059
2226,6,35.82891665
2227,6,35.83612612
2228,6,35.8445779
2229,6,35.85301725
2230,6,36.16035478
2231,6,36.16777553
2232,6,36.27494286
2233,6,36.28231699
2234,6,36.52321577
2235,6,36.52977089
2236,6,36.53632855
2237,6,36.5426711
2238,6,36.59217068
2239,6,36.59609802
2240,6,36.73060037
2241,6,36.73587151
2242,6,36.76484886
2243,6,36.77070425
2244,6,36.80165916
2245,6,36.80789337
2246,6,36.88531437
2247,6,36.89192502
2248,6,36.93169265
2249,6,36.93818682
2250,6,37.18441509
2251,6,37.19106784
2252,6,37.27034754
2253,6,37.27626937
2254,6,37.31330487
2255,6,37.31952439
2256,6,37.47736899
2257,6,37.48302664
2258,6,37.57186007
2259,6,37.57822483
2260,6,37.8383119
2261,6,37.84559714
2262,6,37.96159444
2263,6,37.97681187
2264,6,37.99161828
2265,6,38.00655409
2266,6,38.02148111
2267,6,38.09817867
2268,6,38.11362521
2269,6,38.12906903
2270,6,38.14413263
2271,6,38.1591946
2272,6,38.17423435
2273,6,38.19441603
2274,6,38.44002026
2275,6,38.46463732
2276,6,38.80690544
2277,6,38.83127171
2278,6,38.92896848
2279,6,38.95270858
2280,6,39.00020708
2281,6,39.02416253
2282,6,39.3000646
2283,6,39.32215597
2284,6,39.36633867
2285,6,39.38849793
2286,6,39.41061354
2287,6,39.54355966
2288,6,39.56589889
2289,6,39.58822618
2290,6,40.29768387
2291,6,40.3122204
2292,6,40.4601684
2293,6,40.46538571
2294,6,40.47581394
2295,6,40.4810265
2296,6,40.49691667
2297,6,40.50224091
2298,6,40.51798854
2299,6,40.52317126
2300,6,40.63010886
2301,6,40.63585747
2302,6,40.72589581
2303,6,40.73078507
2304,6,40.80865348
2305,6,40.81240357
2306,6,40.94323404
2307,6,40.94699571
2308,6,41.0304122
2309,6,41.03498101
2310,6,41.07912183
2311,6,41.0832721
2312,6,41.18734813
2313,6,41.19172882
2314,6,41.3925301
2315,6,41.39755229
2316,6,41.45253546
2317,6,41.45637376
2318,6,41.46787988
2319,6,41.47170368
2320,6,41.49626901
2321,6,41.50056829
2322,6,41.50487873
2323,6,41.53584304
2324,6,41.54028036
2325,6,41.69816917
2326,6,41.70254801
2327,6,41.76799012
2328,6,41.77181005
2329,6,41.77565529
2330,6,41.77951705
2331,6,41.83180104
2332,6,41.83624144
2333,6,41.93001842
2334,6,41.93401569
2335,6,41.9726762
2336,6,41.97689609
2337,6,42.23955492
2338,6,42.24463155
2339,6,42.24954408
2340,6,42.26712876
2341,6,42.27132322
2342,6,42.38103405
2343,6,42.3854889
2344,6,42.61625471
2345,6,42.61964698
2346,6,42.6335123
2347,6,42.63698971
2348,6,42.65881792
2349,6,42.66256395
2350,6,42.66631334
2351,6,42.67007477
2352,6,42.8302247
2353,6,42.83398031
2354,6,42.91539657
2355,6,42.91925104
2356,6,42.94988208
2357,6,42.95388718
2358,6,42.95796062
2359,6,42.96204994
2360,6,42.96600603
2361,6,43.03998961
2362,6,43.04382446
2363,6,43.06780446
2364,6,43.07175793
2365,6,43.18985214
2366,6,43.19559948
2367,6,43.20135298
2368,6,43.20733343
2369,6,43.48810635
2370,6,43.49502257
2371,6,43.50190372
2372,6,43.52960872
2373,6,43.53651597
2374,6,43.74857253
2375,6,43.75499491
2376,6,43.77899747
2377,6,43.78500038
2378,6,44.15146505
2379,6,44.15718626
2380,6,44.6903037
2381,6,44.69841826
2382,6,44.79489657
2383,6,44.80160407
2384,6,44.85499666
2385,6,44.8616011
2386,6,44.90870612
2387,6,44.9155956
2388,6,44.93654268
2389,6,44.94354482
2390,6,44.95051133
2391,6,44.95751495
2392,6,45.24234036
2393,6,45.24645773
2394,6,45.32661272
2395,6,45.33157513
2396,6,45.35639344
2397,6,45.36144547
2398,6,45.371545
2399,6,45.37674829
2400,6,45.68395144
2401,6,45.68917456
2402,6,45.7931252
2403,6,45.79838051
2404,6,45.83407684
2405,6,45.83856312
2406,6,45.89044793
2407,6,45.89536298
2408,6,46.08816534
2409,6,46.09224421
2410,6,46.14530635
2411,6,46.14862301
2412,6,46.16166059
2413,6,46.16485763
2414,6,46.17768
2415,6,46.18088845
2416,6,46.23196825
2417,6,46.23510097
2418,6,46.4537654
2419,6,46.45764797
2420,6,46.46535649
2421,6,46.46923522
2422,6,46.94870661
2423,7,0.21538613
2424,7,0.53357859
2425,7,0.53671141
2426,7,0.5553058
2427,7,0.55865267
2428,7,0.59428233
2429,7,0.59750121
2430,7,0.70582095
2431,7,0.70988205
2432,7,0.86283771
2433,7,0.86696974
2434,7,0.88495003
2435,7,0.88957525
2436,7,0.8941328
2437,7,0.89868625
2438,7,0.95844341
2439,7,0.96371071
2440,7,1.01668197
2441,7,1.02213105
2442,7,1.04383809
2443,7,1.04925394
2444,7,1.11554819
2445,7,1.12100102
2446,7,1.1341262
2447,7,1.14040301
2448,7,1.14672803
2449,7,1.15305366
2450,7,1.21877226
2451,7,1.22486099
2452,7,1.24303729
2453,7,1.24909393
2454,7,1.42738483
2455,7,1.43318345
2456,7,1.4384936
2457,7,1.52017285
2458,7,1.52524217
2459,7,1.53030939
2460,7,1.5353737
2461,7,1.6916512
2462,7,1.69485708
2463,7,1.69806278
2464,7,1.7013229
2465,7,1.70459656
2466,7,1.72224431
2467,7,1.72511956
2468,7,1.82257979
2469,7,1.82638144
2470,7,1.84535709
2471,7,1.84914609
2472,7,1.87953337
2473,7,1.88326308
2474,7,1.93927655
2475,7,1.94242969
2476,7,1.96745621
2477,7,1.97057345
2478,7,2.03146822
2479,7,2.0339455
2480,7,2.17159856
2481,7,2.17407112
2482,7,2.27139343
2483,7,2.27511245
2484,7,2.27883103
2485,7,2.28255439
2486,7,2.29489133
2487,7,2.29910151
2488,7,2.33327661
2489,7,2.33780797
2490,7,2.35526544
2491,7,2.35924096
2492,7,2.37688436
2493,7,2.38148733
2494,7,2.38651101
2495,7,2.65243557
2496,7,2.65830601
2497,7,2.75417137
2498,7,2.75999216
2499,7,2.88440619
2500,7,2.88972264
2501,7,2.96501839
2502,7,2.9690688
2503,7,2.97298645
2504,7,2.97688711
2505,7,2.98076332
2506,7,2.98461993
2507,7,2.98847803
2508,7,2.99179353
2509,7,2.99510703
2510,7,3.09017347
2511,7,3.09285766
2512,7,3.09554058
2513,7,3.11311648
2514,7,3.11541795
2515,7,3.2736586
2516,7,3.27934729
2517,7,3.30240419
2518,7,3.30823614
2519,7,3.31412819
2520,7,3.32600299
2521,7,3.33165419
2522,7,3.33731382
2523,7,3.3429831
2524,7,3.35431961
2525,7,3.36002835
2526,7,3.45763034
2527,7,3.46419459
2528,7,3.47077448
2529,7,3.50366399
2530,7,3.51015887
2531,7,3.52353711
2532,7,3.5304399
2533,7,3.55118279
2534,7,3.55808742
2535,7,3.5649939
2536,7,3.85139761
2537,7,3.86313331
2538,7,3.87486493
2539,7,3.88651477
2540,7,3.89816617
2541,7,3.92143371
2542,7,3.93306383
2543,7,4.02650641
2544,7,4.03662043
2545,7,4.04673277
2546,7,4.05751745
2547,7,4.07927626
2548,7,4.09025035
2549,7,4.11416931
2550,7,4.12688546
2551,7,4.13962763
2552,7,4.15238903
2553,7,4.17976421
2554,7,4.19413271
2555,7,4.20844593
2556,7,4.22836604
2557,7,4.25263348
2558,7,4.27690175
2559,7,4.30116321
2560,7,4.40432922
2561,7,4.43177546
2562,7,5.11079127
2563,7,5.14265925
2564,7,5.1741755
2565,7,5.20565617
2566,7,5.23723625
2567,7,5.30054211
2568,7,5.33665269
2569,7,5.65560455
2570,7,5.6894362
2571,7,54.77337791
2572,7,54.79589905
2573,7,54.8586937
2574,7,54.87773981
2575,7,55.18277614
2576,7,55.19669485
2577,7,55.4700594
2578,7,55.48089604
2579,7,57.71482723
2580,7,57.72824221
2581,7,57.75328508
2582,7,57.76522006
2583,7,57.81005248
2584,7,57.82118018
2585,7,57.85155999
2586,7,57.86069254
2587,7,57.8700751
2588,7,57.87922578
2589,7,57.88824101
2590,7,58.43049022
2591,7,58.43707169
2592,7,58.50271864
2593,7,58.51016915
2594,7,58.53262832
2595,7,58.54026628
2596,7,58.54761845
2597,7,58.55497163
2598,7,58.58577863
2599,7,58.59382223
2600,7,58.64203103
2601,7,58.64976581
2602,7,58.79868865
2603,7,58.80662175
2604,7,58.814675
2605,7,58.86485236
2606,7,58.87428307
2607,7,59.13899969
2608,7,59.14729311
2609,7,59.22410636
2610,7,59.23175305
2611,7,59.2393717
2612,7,59.29381525
2613,7,59.30229437
2614,7,59.40043704
2615,7,59.40987345
2616,7,59.42809234
2617,7,59.43685903
2618,7,59.65261174
2619,7,59.66831956
2620,7,59.95424353
2621,7,59.96935246
2622,7,60.0133541
2623,7,60.02781248
2624,7,60.04303781
2625,7,60.05813041
2626,7,60.07328169
2627,7,60.08850717
2628,7,60.19074574
2629,7,60.20502123
2630,7,60.27778428
2631,7,60.2925544
2632,7,60.54360061
2633,7,60.55990223
2634,7,60.6090602
2635,7,60.62562445
2636,7,60.73600177
2637,7,60.75102224
2638,7,60.79800043
2639,7,60.81383911
2640,7,61.3167011
2641,7,61.32567402
2642,7,61.36955217
2643,7,61.37743059
2644,7,61.50926831
2645,7,61.51740883
2646,7,61.54060055
2647,7,61.54831849
2648,7,61.55602048
2649,7,61.59308881
2650,7,61.60041545
2651,7,61.79173436
2652,7,61.79694537
2653,7,61.91293556
2654,7,61.91721756
2655,7,61.92644541
2656,7,61.93103857
2657,7,61.99919837
2658,7,62.00410765
2659,7,62.15237891
2660,7,62.15750736
2661,7,62.53718064
2662,7,62.54297188
2663,7,62.63695312
2664,7,62.64308553
2665,7,62.64924303
2666,7,62.65499391
2667,7,62.68392807
2668,7,62.68973915
2669,7,62.7456088
2670,7,62.75236657
2671,7,62.77241659
2672,7,62.77902151
2673,7,62.84373598
2674,7,62.84954741
2675,7,63.05514767
2676,7,63.06318662
2677,7,63.15979074
2678,7,63.16850913
2679,7,63.24539227
2680,7,63.25355544
2681,7,63.34849281
2682,7,63.35629695
2683,7,63.47814392
2684,7,63.48547636
2685,7,63.83572766
2686,7,63.84177763
2687,7,63.8472606
2688,7,63.9351201
2689,7,63.94158505
2690,7,63.98912002
2691,7,63.99818247
2692,7,64.01639032
2693,7,64.0255381
2694,7,64.36653221
2695,7,64.37545975
2696,7,64.38442238
2697,7,64.39350013
2698,7,64.4025843
2699,7,64.41173018
2700,7,64.46565798
2701,7,64.47461224
2702,7,64.48356787
2703,7,64.8149478
2704,7,64.82229185
2705,7,64.9048774
2706,7,64.90924868
2707,7,64.92276371
2708,7,64.92744611
2709,7,65.21896339
2710,7,65.22261729
2711,7,65.25938916
2712,7,65.26295402
2713,7,65.38993767
2714,7,65.39341883
2715,7,65.43498969
2716,7,65.43801782
2717,7,65.52630177
2718,7,65.52879219
2719,7,65.53127103
2720,7,65.53365573
2721,7,65.91828485
2722,7,65.92392109
2723,7,65.96976057
2724,7,65.97548545
2725,7,65.98089749
2726,7,65.98631027
2727,7,66.09845613
2728,7,66.1033526
2729,7,66.17524802
2730,7,66.17988344
2731,7,66.35786593
2732,7,66.36199857
2733,7,66.49269328
2734,7,66.49713196
2735,7,66.58214091
2736,7,66.58699771
2737,7,66.89738101
2738,7,66.9004718
2739,7,67.00832137
2740,7,67.01128985
2741,7,67.07988713
2742,7,67.08290495
2743,7,67.30911151
2744,7,67.31306
2745,7,67.56270176
2746,7,67.56648382
2747,7,67.70800751
2748,8,0.21486091
2749,8,0.33908346
2750,8,0.34580844
2751,8,0.40733861
2752,8,0.41437228
2753,8,0.52665673
2754,8,0.53350078
2755,8,0.5748407
2756,8,0.58174931
2757,8,0.58865724
2758,8,0.59564345
2759,8,0.70585338
2760,8,0.71369941
2761,8,0.75852115
2762,8,0.76575655
2763,8,0.77299014
2764,8,0.78020599
2765,8,0.96957765
2766,8,0.97498683
2767,8,1.10471061
2768,8,1.10984359
2769,8,1.11982441
2770,8,1.12471245
2771,8,1.1296279
2772,8,1.13454556
2773,8,1.23979813
2774,8,1.24474943
2775,8,1.24970022
2776,8,1.25465653
2777,8,1.25961303
2778,8,1.26435963
2779,8,1.26878675
2780,8,1.27321474
2781,8,1.27764316
2782,8,1.28212173
2783,8,1.28662669
2784,8,1.38607309
2785,8,1.39046683
2786,8,1.40040913
2787,8,1.40525636
2788,8,1.41011059
2789,8,1.59826478
2790,8,1.60297653
2791,8,1.60768748
2792,8,1.63451352
2793,8,1.63905389
2794,8,1.64390395
2795,8,1.65845537
2796,8,1.66329885
2797,8,1.68258971
2798,8,1.68740051
2799,8,1.73565874
2800,8,1.74041611
2801,8,2.01806733
2802,8,2.02325674
2803,8,2.02844612
2804,8,2.03364468
2805,8,2.05844154
2806,8,2.06366465
2807,8,2.08589465
2808,8,2.09151585
2809,8,2.11322852
2810,8,2.11834389
2811,8,2.12374871
2812,8,2.12915724
2813,8,2.13461233
2814,8,2.19196061
2815,8,2.19769229
2816,8,2.33284236
2817,8,2.3384841
2818,8,2.35508469
2819,8,2.36041945
2820,8,2.4265172
2821,8,2.43117989
2822,8,2.59881778
2823,8,2.60236933
2824,8,2.60562979
2825,8,2.6088871
2826,8,2.72178026
2827,8,2.7257052
2828,8,2.75514078
2829,8,2.76189895
2830,8,2.88187052
2831,8,2.88950855
2832,8,2.89696857
2833,8,2.90442868
2834,8,2.94862486
2835,8,2.95598616
2836,8,2.97896423
2837,8,2.9867052
2838,8,3.05747165
2839,8,3.06690881
2840,8,3.10415698
2841,8,3.11340919
2842,8,3.12266038
2843,8,3.13199528
2844,8,3.16896772
2845,8,3.17814699
2846,8,3.33947892
2847,8,3.35248533
2848,8,3.37851179
2849,8,3.3913688
2850,8,3.46053428
2851,8,3.47584101
2852,8,3.67082658
2853,8,3.68990064
2854,8,4.47236874
2855,8,4.5079501
2856,8,4.82926482
2857,8,4.86494318
2858,8,5.07756534
2859,8,5.11192648
2860,8,5.18063897
2861,8,5.21847711
2862,8,5.33439959
2863,8,5.37500254
2864,8,5.76601892
2865,8,5.820069
2866,8,6.07855196
2867,8,6.15863351
2868,8,6.88242505
2869,8,6.96345327
2870,8,7.69335067
2871,8,7.7776702
2872,8,7.86197061
2873,8,7.94470467
2874,8,8.02744035
2875,8,8.27540838
2876,8,8.35786657
2877,8,13.36385762
2878,8,13.50492595
2879,8,44.34310365
2880,8,44.38366288
2881,8,45.11784446
2882,8,45.15383382
2883,8,45.18708193
2884,8,45.21977953
2885,8,45.5559144
2886,8,45.59139203
2887,8,45.74517765
2888,8,45.78468554
2889,8,45.8247504
2890,8,45.86478011
2891,8,45.90480906
2892,8,45.94477711
2893,8,45.98469959
2894,8,46.31566121
2895,8,46.35322464
2896,8,47.40903984
2897,8,47.4501793
2898,8,48.0793506
2899,8,48.11127696
2900,8,48.14389754
2901,8,48.17659391
2902,8,48.37094367
2903,8,48.40175712
2904,8,48.55709876
2905,8,48.58827398
2906,8,48.89581638
2907,8,48.92673529
2908,8,49.0194589
2909,8,49.05034157
2910,8,49.50457529
2911,8,49.52726448
2912,8,49.79450707
2913,8,49.81632244
2914,8,51.43817527
2915,8,51.45869353
2916,8,51.62127837
2917,8,51.64066509
2918,8,51.77882667
2919,8,51.80032983
2920,8,52.13326759
2921,8,52.15525889
2922,8,52.24166164
2923,8,52.26286045
2924,8,52.30203661
2925,8,52.32157061
2926,8,52.61704804
2927,8,52.63608744
2928,8,52.65513413
2929,8,52.69205098
2930,8,52.70993256
2931,8,52.82162746
2932,8,52.84064067
2933,8,52.85974028
2934,8,52.87882536
2935,8,52.89545997
2936,8,52.9099464
2937,8,53.12169852
2938,8,53.13615147
2939,8,53.25362617
2940,8,53.26796458
2941,8,53.29675771
2942,8,53.31113551
2943,8,53.47620537
2944,8,53.48894728
2945,8,53.75454111
2946,8,53.76490884
2947,8,53.7856842
2948,8,53.79648103
2949,8,53.81807275
2950,8,53.82923356
2951,8,54.16461091
2952,8,54.17276594
2953,8,54.25968174
2954,8,54.26789805
2955,8,54.27607807
2956,8,54.28425203
2957,8,54.47632251
2958,8,54.48586164
2959,8,54.49543422
2960,8,54.5053409
2961,8,54.51517501
2962,8,54.5249573
2963,8,54.64385303
2964,8,54.65393255
2965,8,54.71208876
2966,8,54.72163634
2967,8,54.74156585
2968,8,54.75146535
2969,8,54.86554998
2970,8,54.87552657
2971,8,54.99713173
2972,8,55.00707571
2973,8,55.12626311
2974,8,55.13545002
2975,8,55.23189527
2976,8,55.24001813
2977,8,55.27715553
2978,8,55.2839876
2979,8,55.29060554
2980,8,55.29720093
2981,8,55.30379271
2982,8,55.54061731
2983,8,55.54966633
2984,8,55.56853846
2985,8,55.57768004
2986,8,55.81388012
2987,8,55.82260329
2988,8,55.88095803
2989,8,55.89120004
2990,8,55.92134425
2991,8,55.93153064
2992,8,55.94171917
2993,8,56.04134249
2994,8,56.05256504
2995,8,56.16685923
2996,8,56.17866986
2997,8,56.64624988
2998,8,56.65575577
2999,8,56.80425452
3000,8,56.8120707
3001,8,56.8732547
3002,8,56.8798869
3003,8,57.03878443
3004,8,57.04616811
3005,8,57.47142763
3006,8,57.47866098
3007,8,57.53803252
3008,8,57.54554305
3009,8,57.58387131
3010,8,57.59124522
3011,8,57.77320436
3012,8,57.77845719
3013,8,57.85050169
3014,8,57.85610093
3015,8,57.88335154
3016,8,57.88866603
3017,8,57.91122929
3018,8,57.91727022
3019,8,57.94109504
3020,8,57.9471245
3021,8,58.11233082
3022,8,58.11805334
3023,8,58.20391807
3024,8,58.2102181
3025,8,58.21634621
3026,8,58.22272023
3027,8,58.24180813
3028,8,58.24806334
3029,8,58.25431245
3030,8,58.34378846
3031,8,58.34998715
3032,8,58.42113637
3033,8,58.42765905
3034,8,58.43417823
3035,8,58.44069586
3036,8,58.44752388
3037,8,58.71366407
3038,8,58.72028868
3039,8,58.91824453
3040,8,58.92422471
3041,8,59.02887024
3042,8,59.03486922
3043,8,59.06433405
3044,8,59.07004677
3045,8,59.07544803
3046,8,59.08083881
3047,8,59.18071682
3048,8,59.18492909
3049,8,59.19315403
3050,8,59.19732666
3051,8,59.37541919
3052,8,59.37781837
3053,8,59.38075228
3054,8,59.57439896
3055,8,59.57990407
3056,8,59.69424404
3057,8,59.70030798
3058,8,59.70637223
3059,8,59.73028415
3060,8,59.73621129
3061,8,59.7539829
3062,8,59.75990746
3063,8,59.79096944
3064,8,59.79740954
3065,8,59.80385023
3066,8,59.81028856
3067,8,59.81671899
3068,8,60.11561426
3069,8,60.12034245
3070,8,60.23849079
3071,8,60.24317246
3072,8,60.26772186
3073,8,60.27264709
3074,8,60.30106404
3075,8,60.30579445
3076,8,60.52806007
3077,8,60.53129045
3078,8,60.74009053
3079,8,60.74421868
3080,8,60.81613017
3081,8,60.82061213
3082,8,60.82959133
3083,8,60.83427871
3084,8,60.93383729
3085,8,60.93814619
3086,8,60.95968869
3087,8,60.96399613
3088,8,61.05011262
3089,8,61.05368538
3090,8,61.06106215
3091,8,61.06510381
3092,8,61.0697933
3093,8,61.31120916
3094,8,61.31737636
3095,8,61.32983639
3096,8,61.33679889
3097,8,61.39239656
3098,8,61.39950184
3099,8,61.47290858
3100,8,61.4804973
3101,8,61.60072811
3102,8,61.6074569
3103,8,61.98542116
3104,8,61.98984666
3105,8,62.0029427
3106,8,62.00719209
3107,8,62.03141985
3108,8,62.03559817
3109,8,62.05495493
3110,8,62.05863611
3111,8,62.06233163
3112,8,62.07713935
3113,8,62.08085983
3114,8,62.54169943
3115,8,62.54564001
3116,8,62.56098385
3117,8,62.56473447
3118,8,62.92434105
3119,8,62.92843618
3120,8,63.10831852
3121,8,63.11257734
3122,8,63.1168495
3123,8,63.23357087
3124,8,63.23808296
3125,8,63.25150758
3126,8,63.25597399
3127,8,63.27604084
3128,8,63.28131429
3129,8,63.3868967
3130,8,63.39254976
3131,8,63.40393046
3132,8,63.40963523
3133,8,63.56017043
3134,8,63.56702469
3135,8,63.64498468
3136,8,63.65160047
3137,8,63.69165108
3138,9,0.36313003
3139,9,0.4088395
3140,9,0.41589273
3141,9,0.4706453
3142,9,0.47728159
3143,9,0.61461991
3144,9,0.61922417
3145,9,0.64966445
3146,9,0.65403479
3147,9,0.65781509
3148,9,0.71182833
3149,9,0.71620079
3150,9,0.78055744
3151,9,0.78540894
3152,9,0.85934731
3153,9,0.86393883
3154,9,0.88627944
3155,9,0.8906307
3156,9,0.9713631
3157,9,0.97608457
3158,9,1.05096257
3159,9,1.05671352
3160,9,1.10287094
3161,9,1.10861888
3162,9,1.11436994
3163,9,1.23171077
3164,9,1.2375768
3165,9,1.286089
3166,9,1.29207892
3167,9,1.30407274
3168,9,1.31007726
3169,9,1.32211039
3170,9,1.3280778
3171,9,1.33401827
3172,9,1.33995129
3173,9,1.42805248
3174,9,1.43312933
3175,9,1.49098871
3176,9,1.49627925
3177,9,1.51667171
3178,9,1.52131145
3179,9,1.77084891
3180,9,1.77486763
3181,9,1.81071029
3182,9,1.8148822
3183,9,1.89160112
3184,9,1.89644758
3185,9,2.05488385
3186,9,2.05861339
3187,9,2.0623426
3188,9,2.06606602
3189,9,2.07002884
3190,9,2.08542064
3191,9,2.08920186
3192,9,2.12351997
3193,9,2.12676314
3194,9,2.40552229
3195,9,2.40997952
3196,9,2.53801464
3197,9,2.544603
3198,9,2.64011456
3199,9,2.64597287
3200,9,2.65763082
3201,9,2.66346559
3202,9,2.68066782
3203,9,2.68641151
3204,9,2.69215898
3205,9,2.69878793
3206,9,2.7187507
3207,9,2.7252534
3208,9,2.73852552
3209,9,2.7455889
3210,9,2.75378
3211,9,2.76196369
3212,9,2.77011695
3213,9,2.77805424
3214,9,2.80961773
3215,9,2.81762427
3216,9,2.82562846
3217,9,3.21843056
3218,9,3.22526881
3219,9,3.23842417
3220,9,3.24459881
3221,9,3.26311733
3222,9,3.26928764
3223,9,3.35529972
3224,9,3.36109695
3225,9,3.4031027
3226,9,3.409617
3227,9,3.42787886
3228,9,3.43399262
3229,9,3.4803179
3230,9,3.48467096
3231,9,3.59438257
3232,9,3.5977501
3233,9,3.60107721
3234,9,3.60440423
3235,9,3.60771484
3236,9,3.61439648
3237,9,3.61772938
3238,9,3.63804688
3239,9,3.64143254
3240,9,3.72845962
3241,9,3.73263482
3242,9,3.90710962
3243,9,3.91148262
3244,9,3.92459661
3245,9,3.92913279
3246,9,3.95333668
3247,9,3.95819976
3248,9,4.02851154
3249,9,4.03370854
3250,9,4.05413009
3251,9,4.05924719
3252,9,4.09899274
3253,9,4.10482495
3254,9,4.12311205
3255,9,4.12971307
3256,9,4.37874559
3257,9,4.38562557
3258,9,4.39251441
3259,9,4.39941717
3260,9,4.40633964
3261,9,4.50115613
3262,9,4.50802593
3263,9,4.59775089
3264,9,4.60379828
3265,9,4.6382333
3266,9,4.64542023
3267,9,4.65961378
3268,9,4.66665168
3269,9,4.6736599
3270,9,4.68066246
3271,9,4.68825322
3272,9,4.90143279
3273,9,4.90893834
3274,9,4.91779746
3275,9,4.92676527
3276,9,4.96238877
3277,9,4.97126841
3278,9,5.00711801
3279,9,5.01634503
3280,9,5.02557491
3281,9,5.03532183
3282,9,5.08285603
3283,9,5.09249145
3284,9,5.90248027
3285,9,5.92067331
3286,9,6.01271441
3287,9,6.03108728
3288,9,6.08823203
3289,9,6.10761709
3290,9,8.62983841
3291,9,8.67536526
3292,9,8.72096475
3293,9,8.82170197
3294,9,8.89351325
3295,9,9.64990869
3296,9,9.72986745
3297,9,14.15552881
3298,9,14.3005965
3299,9,16.66096803
3300,9,16.83536402
3301,9,23.89193835
3302,9,24.08036562
3303,9,26.491338
3304,9,26.72091972
3305,9,27.22032607
3306,9,27.4795346
3307,9,29.26181496
3308,9,29.51765951
3309,9,35.35179428
3310,9,35.57395878
3311,9,35.79457009
3312,9,37.00351466
3313,9,37.25630736
3314,9,37.50276456
3315,9,37.74919119
3316,9,37.99355691
3317,9,39.63738755
3318,9,39.85533685
3319,9,41.93621675
3320,9,42.13861845
3321,9,47.57176776
3322,9,47.79064391
3323,9,48.0107707
3324,9,48.23101565
3325,9,48.45278945
3326,9,48.89057772
3327,9,49.09903332
3328,9,53.39085351
3329,9,53.51389679
3330,9,55.61716106
3331,9,55.68989749
3332,9,57.85286331
3333,9,57.86727
3334,9,58.01585664
3335,9,58.02593252
3336,9,58.51445023
3337,9,58.52735598
3338,9,58.54055322
3339,9,58.5537145
3340,9,59.74314545
3341,9,59.75003677
3342,9,59.82666398
3343,9,59.83345916
3344,9,59.84046318
3345,9,59.86155324
3346,9,59.86897783
3347,9,59.93148271
3348,9,59.94128065
3349,9,59.96115298
3350,9,59.97129056
3351,9,59.98190296
3352,9,60.20546937
3353,9,60.2182612
3354,9,60.30837583
3355,9,60.32109805
3356,9,60.54279912
3357,9,60.5558637
3358,9,60.62109148
3359,9,60.63433015
3360,9,60.64756925
3361,9,60.66081256
3362,9,60.67423319
3363,9,60.68765853
3364,9,60.74301888
3365,9,60.75882953
3366,9,60.77468515
3367,9,60.79053056
3368,9,60.83880674
3369,9,60.85497514
3370,9,60.92116013
3371,9,60.93784191
3372,9,61.29816918
3373,9,61.31253619
3374,9,61.32688195
3375,9,61.34082454
3376,9,61.46083473
3377,9,61.47260869
3378,9,61.52252698
3379,9,61.53663018
3380,9,61.70390321
3381,9,61.71726191
3382,9,61.79682662
3383,9,61.81001953
3384,9,61.83640262
3385,9,61.84852217
3386,9,62.02017132
3387,9,62.03050524
3388,9,62.38015277
3389,9,62.38757086
3390,9,62.46277133
3391,9,62.4703482
3392,9,62.58387461
3393,9,62.58953546
3394,9,62.70816249
3395,9,62.71397636
3396,9,62.83437857
3397,9,62.83941449
3398,9,62.87880132
3399,9,62.88302548
3400,9,63.03989769
3401,9,63.04396484
3402,9,63.05536117
3403,9,63.05855197
3404,9,63.06174112
3405,9,63.09703452
3406,9,63.10015082
3407,9,63.15286723
3408,9,63.15603989
3409,9,63.17919925
3410,9,63.18265335
3411,9,63.1859026
3412,9,63.21420767
3413,9,63.21807567
3414,9,63.23812681
3415,9,63.24184606
3416,9,63.26007386
3417,9,63.26356326
3418,9,63.29494399
3419,9,63.29850992
3420,9,63.30891931
3421,9,63.31237968
3422,9,63.31934231
3423,9,63.32296406
3424,9,63.36002042
3425,9,63.36381658
3426,9,63.36761547
3427,9,63.37516066
3428,9,63.37925027
3429,9,63.38740686
3430,9,63.3914789
3431,9,63.45866382
3432,9,63.46314463
3433,9,63.53743051
3434,9,63.54221579
3435,9,63.63719184
3436,9,63.64136461
3437,9,63.65448075
3438,9,63.6589334
3439,9,63.75485269
3440,9,63.76003076
3441,9,63.81065063
3442,9,63.81562939
3443,9,63.85330301
3444,9,63.85786143
3445,9,63.89018971
3446,9,63.89449074
3447,9,64.00432579
3448,9,64.0082835
3449,9,64.07576313
3450,9,64.07892577
3451,9,64.11423221
3452,9,64.1172979
3453,9,64.12036322
3454,9,64.15767395
3455,9,64.15995816
3456,9,64.1741715
3457,9,64.17667455
3458,9,64.24454677
3459,9,64.24887191
3460,9,64.275087
3461,9,64.27949889
3462,9,64.35896579
3463,9,64.3641135
3464,9,64.40127215
3465,9,64.40696455
3466,9,64.41300256
3467,9,64.41903624
3468,9,64.49191376
3469,9,64.49880844
3470,9,64.54055817
3471,9,64.54724131
3472,9,64.56731832
3473,9,64.57397256
3474,9,64.73732011
3475,9,64.74490599
3476,9,64.88581442
3477,9,64.89210851
3478,9,65.05910236
3479,9,65.06721203
3480,9,65.08344008
3481,9,65.0915608
3482,9,65.13895849
3483,9,65.14674467
3484,9,65.24069523
3485,9,65.24793485
3486,9,65.3110322
3487,9,65.31799708
3488,9,65.64530681
3489,9,65.6497187
3490,9,65.65410865
3491,9,65.6788954
3492,9,65.6824395
3493,9,65.69320326
3494,9,65.69682
3495,9,65.72997661
3496,9,65.73374174
3497,9,65.75062237
3498,9,65.75392458
3499,9,65.760467
3500,9,65.76373664
3501,9,65.79627475
3502,9,65.80014575
3503,9,65.82030927
3504,9,65.82446481
3505,9,65.93136792
3506,9,65.93594884
3507,9,65.99012327
3508,9,65.99470413
3509,9,65.99931482
3510,9,66.0234627
3511,9,66.02825557
3512,9,66.12515697
3513,9,66.12965649
3514,9,66.13864462
3515,9,66.14310281
3516,9,66.15752396
3517,9,66.1626541
3518,9,66.16778357
3519,9,66.27729456
3520,9,66.28259148
3521,9,66.32486968
3522,9,66.33023162
3523,9,66.33559573
3524,9,66.43664769
3525,9,66.44053873
3526,9,66.44834174
3527,9,66.45225659
3528,9,66.45629559
3529,9,66.71243696
3530,9,66.71769567
3531,9,66.72949994
3532,9,66.73535201
3533,9,66.74117131
3534,9,66.74699174
3535,9,66.7810233
3536,9,66.7864862
3537,9,66.85309011
3538,9,66.85861996
3539,9,66.87537046
3540,9,66.88092466
3541,9,67.08365079
3542,9,67.08819461
3543,9,67.16362824
3544,9,67.16771812
3545,9,67.1718077
3546,9,67.17590898
3547,9,67.18017235
3548,9,67.1884299
3549,9,67.19256657
3550,9,67.20053444
3551,9,67.20440673
3552,9,67.20828681
3553,9,67.21218795
3554,9,67.2227786
3555,9,67.22603922
3556,9,67.2360928
3557,9,67.23948457
3558,9,67.26100869
3559,9,67.26394466
3560,9,67.37467694
3561,9,67.37726207
3562,9,67.40625449
3563,9,67.40881544
3564,9,67.43904702
3565,9,67.44151736
3566,9,67.4439631
3567,9,67.72258233
3568,9,67.7270755
3569,9,67.79643797
3570,9,67.80139217
3571,9,67.86430373
3572,9,67.8691504
3573,9,67.89458936
3574,9,67.89982713
3575,9,68.05966985
3576,9,68.06469806
3577,9,68.1679136
3578,9,68.17237237
3579,9,68.19478991
3580,9,68.19896073
3581,9,68.20310325
3582,9,68.22003382
3583,10,0.33301579
3584,10,0.8265763
3585,10,0.82922811
3586,10,0.9142372
3587,10,0.9174373
3588,10,0.98716474
3589,10,0.99044249
3590,10,1.00066483
3591,10,1.00409573
3592,10,1.02983958
3593,10,1.03388138
3594,10,1.03791414
3595,10,1.07414837
3596,10,1.07826215
3597,10,1.2055077
3598,10,1.21050685
3599,10,1.21550626
3600,10,1.22042974
3601,10,1.22535152
3602,10,1.23513438
3603,10,1.23999826
3604,10,1.25374719
3605,10,1.25832393
3606,10,1.29100059
3607,10,1.29607422
3608,10,1.31636732
3609,10,1.32168998
3610,10,1.43724243
3611,10,1.44268176
3612,10,1.52054903
3613,10,1.5254276
3614,10,1.53514282
3615,10,1.5400047
3616,10,1.5494929
3617,10,1.55427539
3618,10,1.5784639
3619,10,1.58332986
3620,10,1.60744617
3621,10,1.61230127
3622,10,1.65676315
3623,10,1.66120024
3624,10,1.82210875
3625,10,1.82643065
3626,10,1.83499485
3627,10,1.83896875
3628,10,1.85136831
3629,10,1.85570514
3630,10,1.90109522
3631,10,1.90594692
3632,10,1.92806358
3633,10,1.93385417
3634,10,1.94597139
3635,10,1.95205855
3636,10,1.97033677
3637,10,1.97646792
3638,10,2.00202563
3639,10,2.00876279
3640,10,2.02222492
3641,10,2.02894468
3642,10,2.03566601
3643,10,2.04242347
3644,10,2.10657777
3645,10,2.11418367
3646,10,2.2196605
3647,10,2.2279185
3648,10,2.27883298
3649,10,2.28746547
3650,10,2.29598896
3651,10,2.30452191
3652,10,2.41878767
3653,10,2.42609245
3654,10,2.47053426
3655,10,2.47793093
3656,10,2.52529426
3657,10,2.53331956
3658,10,2.54925582
3659,10,2.55692078
3660,10,2.63405581
3661,10,2.64151624
3662,10,2.79035122
3663,10,2.79553358
3664,10,2.98793452
3665,10,2.9913509
3666,10,3.332893
3667,10,3.34435288
3668,10,3.35582407
3669,10,3.36725358
3670,10,3.37867244
3671,10,3.3900805
3672,10,3.43691111
3673,10,3.4489148
3674,10,3.46091955
3675,10,3.47286743
3676,10,3.48496513
3677,10,3.5210093
3678,10,3.53393699
3679,10,3.54666158
3680,10,3.6372733
3681,10,3.65572135
3682,10,3.69263898
3683,10,3.7111119
3684,10,3.74805841
3685,10,3.76649276
3686,10,4.23754974
3687,10,4.26365087
3688,10,5.84007485
3689,10,5.90480725
3690,10,54.65548377
3691,10,54.69445315
3692,10,55.76526379
3693,10,55.80119065
3694,10,55.83719482
3695,10,56.0961248
3696,10,56.12590869
3697,10,56.27101746
3698,10,56.29888161
3699,10,56.67863589
3700,10,56.69989836
3701,10,56.74242474
3702,10,56.76385899
3703,10,57.15160684
3704,10,57.16847704
3705,10,57.39556413
3706,10,57.41545896
3707,10,57.45507354
3708,10,57.47423144
3709,10,57.49447575
3710,10,57.90016814
3711,10,57.91695091
3712,10,58.33319387
3713,10,58.34654785
3714,10,58.35999706
3715,10,58.37354467
3716,10,58.38709428
3717,10,58.46778455
3718,10,58.48121073
3719,10,58.73474465
3720,10,58.74785417
3721,10,58.76102711
3722,10,58.77419768
3723,10,58.94863867
3724,10,58.95713334
3725,10,58.98168826
3726,10,58.98914889
3727,10,59.158931
3728,10,59.16378454
3729,10,59.16886319
3730,10,59.17387206
3731,10,59.17886009
3732,10,59.29319862
3733,10,59.29796398
3734,10,59.32283503
3735,10,59.3279029
3736,10,59.33319442
3737,10,59.40836199
3738,10,59.41262877
3739,10,59.58957092
3740,10,59.59212642
3741,10,59.59516112
3742,10,59.61777957
3743,10,59.6212462
3744,10,59.65147659
3745,10,59.65480647
3746,10,59.65793433
3747,10,59.66105244
3748,10,59.73882446
3749,10,59.74185295
3750,10,59.7569403
3751,10,59.7603242
3752,10,59.77045569
3753,10,59.77382611
3754,10,59.7772101
3755,10,59.78076758
3756,10,59.81797205
3757,10,59.82270081
3758,10,59.82743462
3759,10,59.84951316
3760,10,59.85384764
3761,10,59.88057257
3762,10,59.88519517
3763,10,59.95597181
3764,10,59.96098275
3765,10,60.0110866
3766,10,60.01615807
3767,10,60.02119853
3768,10,60.02624055
3769,10,60.03127385
3770,10,60.03650535
3771,10,60.09928838
3772,10,60.10513051
3773,10,60.16756599
3774,10,60.17325975
3775,10,60.21935188
3776,10,60.22510533
3777,10,60.23085948
3778,10,60.23661661
3779,10,60.26097042
3780,10,60.26707777
3781,10,60.27325897
3782,10,60.29225394
3783,10,60.29853182
3784,10,60.30489242
3785,10,60.31153089
3786,10,60.31816565
3787,10,60.33101516
3788,10,60.33728447
3789,10,60.4067468
3790,10,60.41309125
3791,10,60.47767806
3792,10,60.4833438
3793,10,60.56632797
3794,10,60.57234493
3795,10,60.59592167
3796,10,60.60138927
3797,10,60.66041859
3798,10,60.6658224
3799,10,60.74286118
3800,10,60.74873639
3801,10,60.75467453
3802,10,60.76062566
3803,10,60.78460958
3804,10,60.79059531
3805,10,60.86263676
3806,10,60.8675875
3807,10,60.87253771
3808,10,60.87731197
3809,10,60.89118399
3810,10,60.89558007
3811,10,61.17996862
3812,10,61.18385892
3813,10,61.19529061
3814,10,61.19895631
3815,10,61.20993441
3816,10,61.21329907
3817,10,61.21669999
3818,10,61.23004681
3819,10,61.23337516
3820,10,61.38422238
3821,10,61.38674713
3822,10,61.40094069
3823,10,61.40288305
3824,10,61.42126041
3825,10,61.42349581
3826,10,61.52392098
3827,10,61.52710062
3828,10,61.53692698
3829,10,61.54022401
3830,10,61.61819345
3831,10,61.62119264
3832,10,61.65346257
3833,10,61.65621927
3834,10,61.81785101
3835,10,61.81993399
3836,10,61.93462214
3837,10,61.93865527
3838,10,61.98549774
3839,10,61.9899613
3840,10,62.06079349
3841,10,62.06444685
3842,10,62.06810334
3843,10,62.07175591
3844,10,62.22294091
3845,10,62.22754966
3846,10,62.23214885
3847,10,62.25466619
3848,10,62.25926356
3849,10,62.3109673
3850,10,62.31422941
3851,10,62.3311689
3852,10,62.33474658
3853,10,62.36015328
3854,10,62.36380349
3855,10,62.36745063
3856,10,62.37110487
3857,10,62.37819516
3858,10,62.38160207
3859,10,62.39214632
3860,10,62.39565941
3861,10,62.39913987
3862,10,62.41701941
3863,10,62.42082268
3864,10,62.48465932
3865,10,62.48937018
3866,10,62.52499555
3867,10,62.52919004
3868,10,62.61770243
3869,10,62.62283528
3870,10,62.80074497
3871,10,62.80532186
3872,10,62.87063072
3873,10,62.87526842
3874,10,62.90678002
3875,10,62.91109512
3876,10,62.93343608
3877,10,62.93758626
3878,10,62.94168365
3879,10,63.03627949
3880,10,63.04042095
3881,10,63.10684415
3882,10,63.11062576
3883,10,63.18950426
3884,10,63.19328931
3885,10,63.43530776
3886,10,63.43952677
3887,10,63.45228009
3888,10,63.4565364
3889,10,63.46079317
3890,10,63.46504984
3891,10,63.47342978
3892,10,63.47752226
3893,10,63.59501994
3894,10,63.59931686
3895,10,63.6849647
3896,10,63.68948457
3897,10,63.69827453
3898,10,63.70266968
3899,10,63.77906974
3900,10,63.7825831
3901,10,63.79654866
3902,10,63.80001026
3903,10,63.86719726
3904,10,63.87158829
3905,10,63.9163493
3906,10,63.92088929
3907,10,64.01672193
3908,10,64.02136803
3909,10,64.02608334
3910,10,64.04531735
3911,10,64.04979862
3912,10,64.38125038
3913,11,0.37402121
3914,11,0.59431686
3915,11,0.59955619
3916,11,0.60494821
3917,11,0.61079526
3918,11,0.61664311
3919,11,0.80257696
3920,11,0.80806812
3921,11,0.89017328
3922,11,0.89607022
3923,11,0.910814
3924,11,0.91532412
3925,11,0.91992071
3926,11,1.03314494
3927,11,1.03761691
3928,11,1.14183784
3929,11,1.14617013
3930,11,1.2002361
3931,11,1.20426403
3932,11,1.23951967
3933,11,1.24326261
3934,11,1.27778366
3935,11,1.28129083
3936,11,1.31006039
3937,11,1.31386089
3938,11,1.3177066
3939,11,1.32951028
3940,11,1.33335788
3941,11,1.33720628
3942,11,1.65993078
3943,11,1.66561231
3944,11,1.71633608
3945,11,1.72158234
3946,11,1.75311916
3947,11,1.7581619
3948,11,1.79720167
3949,11,1.80210394
3950,11,1.80691987
3951,11,1.81170478
3952,11,1.81649609
3953,11,1.83132875
3954,11,1.83644829
3955,11,1.86033701
3956,11,1.86508678
3957,11,2.00224213
3958,11,2.00607598
3959,11,2.0413665
3960,11,2.04557198
3961,11,2.2701548
3962,11,2.27481869
3963,11,2.38658646
3964,11,2.39163108
3965,11,2.41723429
3966,11,2.4224363
3967,11,2.42689364
3968,11,2.43119847
3969,11,2.45403374
3970,11,2.45892083
3971,11,2.55096034
3972,11,2.55620263
3973,11,2.6163215
3974,11,2.62182593
3975,11,2.71376766
3976,11,2.71869588
3977,11,2.83177441
3978,11,2.837255
3979,11,2.84272765
3980,11,2.84820172
3981,11,2.85368831
3982,11,3.02506188
3983,11,3.02976483
3984,11,3.09788635
3985,11,3.10192722
3986,11,3.10996282
3987,11,3.1139463
3988,11,3.27184121
3989,11,3.2751623
3990,11,3.27890815
3991,11,3.40618993
3992,11,3.41092428
3993,11,3.45469739
3994,11,3.4595925
3995,11,3.50410648
3996,11,3.50917673
3997,11,3.51931885
3998,11,3.52439578
3999,11,3.55168397
4000,11,3.55773666
4001,11,3.61965872
4002,11,3.62908796
4003,11,3.63851663
4004,11,3.64794585
4005,11,3.68550128
4006,11,3.69489173
4007,11,3.81238991
4008,11,3.82089519
4009,11,3.94688487
4010,11,3.95489846
4011,11,3.99503323
4012,11,4.00333768
4013,11,4.01160942
4014,11,4.02047937
4015,11,4.02934855
4016,11,4.03833189
4017,11,4.43483869
4018,11,4.44411799
4019,11,4.60930555
4020,11,4.61615028
4021,11,4.65069115
4022,11,4.65757281
4023,11,4.66442705
4024,11,4.67120838
4025,11,4.67811659
4026,11,4.69890042
4027,11,4.70580963
4028,11,4.75571149
4029,11,4.76320281
4030,11,5.02630632
4031,11,5.03188955
4032,11,5.03747215
4033,11,5.04304091
4034,11,5.25663419
4035,11,5.26234032
4036,11,5.34730639
4037,11,5.3524222
4038,11,5.76976478
4039,11,5.77652574
4040,11,5.81622382
4041,11,5.82253137
4042,11,6.03486577
4043,11,6.04444631
4044,11,6.37120167
4045,11,6.38589097
4046,11,7.51642842
4047,11,7.53456805
4048,11,8.65186961
4049,11,8.67351382
4050,11,8.74234163
4051,11,8.76406876
4052,11,9.09728426
4053,11,9.12208187
4054,11,9.40609235
4055,11,9.43319345
4056,11,42.04042732
4057,11,42.18964965
4058,11,46.24352853
4059,11,46.33903023
4060,11,47.56752537
4061,11,47.58553121
4062,11,47.74916627
4063,11,47.76736597
4064,11,48.25725546
4065,11,48.2727516
4066,11,48.70688993
4067,11,48.71439051
4068,11,48.75849381
4069,11,48.76594694
4070,11,48.8611928
4071,11,48.86842751
4072,11,48.87566321
4073,11,48.88288904
4074,11,48.99650537
4075,11,49.00483272
4076,11,49.10016988
4077,11,49.10874135
4078,11,49.3421082
4079,11,49.35177935
4080,11,49.41830047
4081,11,49.4275223
4082,11,49.70683761
4083,11,49.71562527
4084,11,49.72449896
4085,11,49.91247088
4086,11,49.92063742
4087,11,49.92913717
4088,11,49.9376398
4089,11,50.16761835
4090,11,50.17431457
4091,11,50.32799704
4092,11,50.33269489
4093,11,50.33739133
4094,11,50.62063753
4095,11,50.62540138
4096,11,50.63016954
4097,11,50.63982934
4098,11,50.64465077
4099,11,50.68273121
4100,11,50.68710697
4101,11,50.6954182
4102,11,50.69940294
4103,11,50.7191248
4104,11,50.72287703
4105,11,50.76021271
4106,11,50.76505202
4107,11,50.87420798
4108,11,50.87749368
4109,11,50.91572436
4110,11,50.91840666
4111,11,50.9321916
4112,11,50.93455996
4113,11,50.9438688
4114,11,50.94610818
4115,11,50.96888994
4116,11,50.97273724
4117,11,51.1580596
4118,11,51.16160166
4119,11,51.20926336
4120,11,51.21303051
4121,11,51.26918595
4122,11,51.27384916
4123,11,51.33436403
4124,11,51.33735384
4125,11,51.38021369
4126,11,51.38317358
4127,11,51.38611563
4128,11,51.39496555
4129,11,51.39808418
4130,11,51.4172365
4131,11,51.42109754
4132,11,51.42494475
4133,11,51.4326068
4134,11,51.43642589
4135,11,51.44421234
4136,11,51.4481017
4137,11,51.60112451
4138,11,51.60555665
4139,11,51.60999448
4140,11,51.66829547
4141,11,51.67303694
4142,11,51.69699467
4143,11,51.70178755
4144,11,51.7214454
4145,11,51.72639868
4146,11,51.74626853
4147,11,51.75126277
4148,11,51.89504015
4149,11,51.89943597
4150,11,51.92091454
4151,11,51.92495871
4152,11,52.08701479
4153,11,52.09105887
4154,11,52.09502883
4155,11,52.09859675
4156,11,52.10216664
4157,11,52.11303627
4158,11,52.1165867
4159,11,52.12004633
4160,11,52.17160067
4161,11,52.17600003
4162,11,52.18039579
4163,11,52.23453602
4164,11,52.23964134
4165,11,52.28723067
4166,11,52.29313849
4167,11,52.40129037
4168,11,52.40675449
4169,11,52.43603114
4170,11,52.44201961
4171,11,52.44876983
4172,11,52.45552152
4173,11,52.51641968
4174,11,52.52332003
4175,11,52.59888197
4176,11,52.60529318
4177,11,52.80814242
4178,11,52.81491787
4179,11,52.84124712
4180,11,52.8476161
4181,11,52.86666314
4182,11,52.87300604
4183,11,52.89181017
4184,11,52.8981243
4185,11,52.92286031
4186,11,52.92872391
4187,11,52.93464382
4188,11,52.94060006
4189,11,53.05537989
4190,11,53.06096826
4191,11,53.27316315
4192,11,53.27629911
4193,11,53.29607279
4194,11,53.29939883
4195,11,53.30266632
4196,11,53.33588765
4197,11,53.33958778
4198,11,53.36100313
4199,11,53.36458805
4200,11,53.38561538
4201,11,53.38932135
4202,11,53.60949521
4203,11,53.61160445
4204,11,53.81414338
4205,11,53.8194769
4206,11,53.86255461
4207,11,53.86795744
4208,11,53.87877127
4209,11,53.88417328
4210,11,53.88958175
4211,11,53.95761344
4212,11,53.96465888
4213,11,53.97169814
4214,11,53.97873717
4215,12,0.299369
4216,12,0.38637286
4217,12,0.39110517
4218,12,0.5160451
4219,12,0.52071293
4220,12,0.65251189
4221,12,0.65730782
4222,12,0.81922594
4223,12,0.82304635
4224,12,0.82685595
4225,12,0.83828354
4226,12,0.84203887
4227,12,0.86432367
4228,12,0.86766546
4229,12,0.90257502
4230,12,0.90604494
4231,12,0.909551
4232,12,1.11551455
4233,12,1.11931364
4234,12,1.25720251
4235,12,1.26153101
4236,12,1.2659107
4237,12,1.27036609
4238,12,1.27482245
4239,12,1.27930769
4240,12,1.28378539
4241,12,1.28868227
4242,12,1.31287198
4243,12,1.31760256
4244,12,1.32702153
4245,12,1.3317231
4246,12,1.91995897
4247,12,1.92325742
4248,12,1.93983898
4249,12,1.94315859
4250,12,1.94654601
4251,12,1.96033974
4252,12,1.96382623
4253,12,1.98525794
4254,12,1.98900436
4255,12,1.99275949
4256,12,1.99651192
4257,12,2.12070631
4258,12,2.12437527
4259,12,2.19617938
4260,12,2.19987585
4261,12,2.20725172
4262,12,2.21090419
4263,12,2.22187432
4264,12,2.22626867
4265,12,2.39847758
4266,12,2.40349796
4267,12,2.44672425
4268,12,2.45199928
4269,12,2.59570717
4270,12,2.60085571
4271,12,2.60586711
4272,12,2.61573479
4273,12,2.62025409
4274,12,2.62477297
4275,12,2.62925613
4276,12,2.63852122
4277,12,2.64337341
4278,12,2.64822679
4279,12,2.65308083
4280,12,2.65793505
4281,12,2.69171299
4282,12,2.69651713
4283,12,2.70871164
4284,12,2.71277663
4285,12,2.80166716
4286,12,2.80670858
4287,12,2.90217298
4288,12,2.90579601
4289,12,2.97865642
4290,12,2.98258218
4291,12,3.00669883
4292,12,3.01095168
4293,12,3.30507345
4294,12,3.31059785
4295,12,3.3161219
4296,12,3.35606569
4297,12,3.3620455
4298,12,3.3680228
4299,12,3.37401565
4300,12,3.38019989
4301,12,3.48973351
4302,12,3.4961877
4303,12,3.50263744
4304,12,3.5090883
4305,12,3.51553954
4306,12,3.52196747
4307,12,3.53481807
4308,12,3.54123353
4309,12,3.81477418
4310,12,3.81899393
4311,12,3.82695468
4312,12,3.83188021
4313,12,4.02678389
4314,12,4.03307444
4315,12,4.03936511
4316,12,4.24713063
4317,12,4.25533049
4318,12,4.63237083
4319,12,4.63878302
4320,12,4.72289062
4321,12,4.72819212
4322,12,4.75430783
4323,12,4.75900704
4324,12,4.77781237
4325,12,4.78251706
4326,12,4.78723157
4327,12,4.79193736
4328,12,4.79589074
4329,12,4.79984424
4330,12,5.15407633
4331,12,5.16008379
4332,12,5.17807046
4333,12,5.18407585
4334,12,5.29554816
4335,12,5.30258714
4336,12,5.30962446
4337,12,5.40572899
4338,12,5.41249986
4339,12,5.60763079
4340,12,5.62016193
4341,12,6.19548143
4342,12,6.23051351
4343,12,57.06998764
4344,12,57.10027552
4345,12,58.74160909
4346,12,58.75220704
4347,12,58.80863924
4348,12,58.82081913
4349,12,59.04263073
4350,12,59.06067079
4351,12,59.4779208
4352,12,59.49502064
4353,12,60.15239751
4354,12,60.16956242
4355,12,60.53410834
4356,12,60.5485304
4357,12,61.14083486
4358,12,61.15050463
4359,12,61.296454
4360,12,61.30646393
4361,12,61.33181739
4362,12,61.34018151
4363,12,61.34886826
4364,12,61.35732453
4365,12,61.39954884
4366,12,61.4079642
4367,12,61.41639556
4368,12,61.42481873
4369,12,61.51789015
4370,12,61.52554658
4371,12,61.70609075
4372,12,61.71319243
4373,12,61.93383422
4374,12,61.94065714
4375,12,61.94747696
4376,12,61.95434752
4377,12,61.96175247
4378,12,61.96915104
4379,12,61.99268717
4380,12,62.00053699
4381,12,62.1362961
4382,12,62.14408904
4383,12,62.28602542
4384,12,62.29332069
4385,12,62.30061286
4386,12,62.36718678
4387,12,62.3756256
4388,12,62.42661377
4389,12,62.43487504
4390,12,62.45197003
4391,12,62.46079147
4392,12,62.46961293
4393,12,62.47822081
4394,12,62.48683557
4395,12,62.49545906
4396,12,62.50408248
4397,12,62.72281622
4398,12,62.73323061
4399,12,62.74365665
4400,12,62.7643312
4401,12,62.77461072
4402,12,62.78500474
4403,12,62.7954111
4404,12,62.80577521
4405,12,62.8152337
4406,12,62.85149089
4407,12,62.86037524
4408,12,63.00538492
4409,12,63.01412127
4410,12,63.09261811
4411,12,63.10188295
4412,12,63.1110836
4413,12,63.12031177
4414,12,63.15789996
4415,12,63.16747327
4416,12,63.32718231
4417,12,63.33363129
4418,12,63.38213572
4419,12,63.38911197
4420,12,63.4078113
4421,12,63.41400433
4422,12,63.42005831
4423,12,63.4261717
4424,12,63.56387534
4425,12,63.568335
4426,12,63.57729968
4427,12,63.58178252
4428,12,63.58630066
4429,12,63.59081815
4430,12,63.59541863
4431,12,63.60001978
4432,12,63.60462593
4433,12,63.61842612
4434,12,63.62301598
4435,12,63.69267779
4436,12,63.69595203
4437,12,63.71535607
4438,12,63.71931532
4439,12,64.07042656
4440,12,64.07715271
4441,12,64.23054802
4442,12,64.23750192
4443,12,64.24446255
4444,12,64.25143364
4445,12,64.25842506
4446,12,64.27862774
4447,12,64.2849512
4448,12,64.60957987
4449,12,64.6122037
4450,12,64.63795412
4451,12,64.6410385
4452,12,64.66044168
4453,12,64.66385614
4454,12,64.68509869
4455,12,64.68882293
4456,12,64.74066687
4457,12,64.74473527
4458,12,64.77499457
4459,12,64.77839648
4460,12,64.78180331
4461,12,64.78519642
4462,12,64.83301952
4463,12,64.83722532
4464,12,64.84142966
4465,12,64.84574514
4466,12,64.85006821
4467,12,64.99974307
4468,12,65.00373996
4469,12,65.06887347
4470,12,65.07365677
4471,12,65.09970611
4472,12,65.10493477
4473,12,65.24416091
4474,12,65.24861158
4475,12,65.29379734
4476,12,65.29793762
4477,12,65.52208812
4478,12,65.52440983
4479,12,65.58935455
4480,12,65.59163597
4481,12,65.6636116
4482,12,65.66632378
4483,12,65.67697337
4484,12,65.67960056
4485,12,65.89703696
4486,12,65.89968191
4487,12,65.9106073
4488,12,65.91338402
4489,12,65.94683416
4490,12,65.94965594
4491,12,66.24284919
